-- phpMyAdmin SQL Dump
-- version 4.4.12
-- http://www.phpmyadmin.net
--
-- Servidor: 127.0.0.1
-- Tiempo de generación: 18-03-2016 a las 12:10:33
-- Versión del servidor: 5.6.25
-- Versión de PHP: 5.6.11

SET SQL_MODE = "NO_AUTO_VALUE_ON_ZERO";
SET time_zone = "+00:00";


/*!40101 SET @OLD_CHARACTER_SET_CLIENT=@@CHARACTER_SET_CLIENT */;
/*!40101 SET @OLD_CHARACTER_SET_RESULTS=@@CHARACTER_SET_RESULTS */;
/*!40101 SET @OLD_COLLATION_CONNECTION=@@COLLATION_CONNECTION */;
/*!40101 SET NAMES utf8mb4 */;

--
-- Base de datos: `colegio`
--

DELIMITER $$
--
-- Funciones
--
CREATE DEFINER=`root`@`localhost` FUNCTION `age`(date1 DATE, date2 DATE) RETURNS int(11)
BEGIN
   DECLARE age INT;
   SET age = (YEAR(date2) - YEAR(date1)) - IF(RIGHT(date2,5) < RIGHT(date1,5),1,0);
   RETURN age;

END$$

CREATE DEFINER=`root`@`localhost` FUNCTION `age2`(date1 DATE, date2 DATE) RETURNS int(11)
BEGIN
   DECLARE age INT;
   SET age = (YEAR(date2) - YEAR(date1)) - IF(RIGHT(date2,5) < RIGHT(date1,5),1,0);
   RETURN age;
END$$

CREATE DEFINER=`root`@`localhost` FUNCTION `age3`(ide int) RETURNS int(11)
BEGIN
   DECLARE age INT default 0;
   select (CUPOS-INSCRITOS) into age FROM t003_talleres where id=ide;
   RETURN age;
END$$

CREATE DEFINER=`root`@`localhost` FUNCTION `age4`(ide int) RETURNS int(11)
BEGIN
   DECLARE age INT default 0;
   select (CUPOS-INSCRITOS) into age FROM t003_talleres where id=ide;
   RETURN age;
END$$

CREATE DEFINER=`root`@`localhost` FUNCTION `calcularhoras`(valor int) RETURNS int(11)
BEGIN
	 DECLARE numeros int;
	select (CUPOS-INSCRITOS) into numeros FROM t003_talleres where id=valor;
    
    RETURN numeros;

END$$

CREATE DEFINER=`root`@`localhost` FUNCTION `calcularhoras2`(valor int) RETURNS int(11)
BEGIN
	 declare  numeros int;
	select (CUPOS-INSCRITOS) into numeros FROM t003_talleres where id=valor;
    
    RETURN numeros;
END$$

CREATE DEFINER=`root`@`localhost` FUNCTION `inscripcionTaller`(vRut int,vTaller int) RETURNS int(11)
BEGIN
   DECLARE totales INT default 0;
   DECLARE esInscrito int default 0;
   DECLARE cupoTaller int default 0;
   DECLARE retorno int default 0;
   -- VARIAble retorno
   -- 1 ok procede inscripcion
   -- 2 ya esta inscrito
   -- 3 no hay cupos
   -- 0 error inesperado 
   
   
   select count(rut) into esInscrito from t004_inscrito where rut=vRut;
   select (CUPOS-INSCRITOS) into totales FROM t003_talleres where id=vTaller;
   
  IF esInscrito=0 THEN 
        
        IF totales>0 THEN
        select INSCRITOS into cupoTaller FROM t003_talleres where id=vTaller;

        UPDATE t003_talleres SET INSCRITOS=(cupoTaller+1) WHERE ID=vTaller;


        set retorno=1;
        ELSE
        set retorno=3;
        END IF;
   ELSE
   set retorno=2;
   
   END IF;
   
   RETURN retorno;
END$$

CREATE DEFINER=`root`@`localhost` FUNCTION `rolbackInscripcion`(vRut int,vTaller int,vEstado int) RETURNS int(11)
BEGIN
   DECLARE totales INT default 0;
   DECLARE esInscrito int default 0;
   DECLARE cupoTaller int default 0;
   DECLARE retorno int default 0;
   -- VARIAble retorno
   -- 1 ok procede inscripcion
   -- 2 no esta inscrito
   -- 0 error inesperado 
   
   select count(rut) into esInscrito from t004_inscrito where rut=vRut;
   
   
  IF esInscrito=0 THEN 
        
        SELECT inscritos-1  into totales FROM t003_talleres where id=vTaller;

        UPDATE t003_talleres SET INSCRITOS=totales WHERE ID=vTaller;
        set retorno=2;
   ELSE

   IF vEstado=2 THEN
    SELECT LISTAESPERA+1  into totales FROM t003_talleres where id=vTaller;
    UPDATE t003_talleres SET LISTAESPERA=totales WHERE ID=vTaller;
   END IF;
   
   set retorno=1;
   
   END IF;
   
   RETURN retorno;
END$$

DELIMITER ;

-- --------------------------------------------------------

--
-- Estructura de tabla para la tabla `t001_alumno`
--

CREATE TABLE IF NOT EXISTS `t001_alumno` (
  `RUT` int(11) NOT NULL,
  `NOMBRE` varchar(200) NOT NULL,
  `CURSO` int(11) NOT NULL
) ENGINE=InnoDB DEFAULT CHARSET=latin1;

--
-- Volcado de datos para la tabla `t001_alumno`
--

INSERT INTO `t001_alumno` (`RUT`, `NOMBRE`, `CURSO`) VALUES
(147284217, 'VERDUGO SANCHEZ, ROBERT ALEXANDER', 23),
(151856322, 'SOLAR OLIVARES, SEBASTIAN ARMANDO', 19),
(152894520, 'AYALA DIAZ , DIEGO ANDRES ', 19),
(174206678, 'sebastian', 1),
(191597753, 'LATORRE CARRASCO , DIEGO IGNACIO ', 20),
(191601181, 'ALVARADO FUENTES , MATIAS IGNACIO ', 20),
(191603176, 'MONJE MYRIK , CARLOS ANDRES ', 20),
(193811663, 'DÍAZ QUINTANILLA, MANUEL IGNACIO', 18),
(197016795, 'CIFUENTES ROSALES , CRISTOBAL ALEJANDRO ', 25),
(197051060, 'MUÑOZ YEOMANS , LUCAS PASCAL ', 25),
(197534222, 'BRIONES VALENCIA , JORGE IGNACIO ', 25),
(197699477, 'ARAVENA PRADO, RICARDO ANDRES', 25),
(197937190, 'CORTES BRIONES , CRISTIAN FELIPE ', 25),
(197937920, 'ESPINOZA ARENAS , GONZALO ALONSO ', 24),
(197942665, 'MARAMBIO ARMIJO , MAXIMILIANO ANDRES ', 25),
(197945443, 'RIQUELME DAVILA , JOSETOMAS ', 22),
(197947454, 'VALENZUELA PRIETO , ALEX IGNACIO ', 24),
(198201243, 'ORTEGA ORTEGA , IGNACIO ANDRES ', 23),
(198204927, 'OSORIO CAMPOS , LUIS ALBERTO ', 25),
(198403482, 'SASSO HORMAZABAL , BENJAMIN ', 24),
(198418153, 'GOTTERBARM VARGAS , LUIS ANTONIO ', 25),
(198419400, 'PALACIOS DIAZ , NICOLAS JOAQUIN ', 22),
(198419818, 'CACERES TRAMPE , TOMAS VALENTIN ', 24),
(198422819, 'MAYEGAS PAULSEN, DIEGO ARTURO', 23),
(198867616, 'BECERRA ZAMORANO, MATIA ANDRE', 25),
(198922650, 'VEGA MACHUCA , RAIMUNDO ANDRES ', 24),
(198931594, 'VALENZUELA MYRIK , MARCELO NICOLAS ', 25),
(198932248, 'ACHURRA TONCIO , IGNACIO PATRICIO ', 24),
(198932582, 'ESPINOZA PLACENCIO , MATIAS AQUILES ', 24),
(198938394, 'MERINO ROMERO , DIEGO BASTIAN ', 25),
(198941239, 'NUÑEZ CANDIA , NICOLAS ALBERTO ', 24),
(198941310, 'FERNANDEZ CAMPOS , JAVIER ALONSO ', 25),
(199010352, 'FARCUH HERNANDEZ , IGNACIO ANDRES ', 24),
(199163442, 'ZAMORA JARA , JORGE INTI ', 25),
(199549480, 'NAVARRO LILLO , NICOLAS IGNACIO ', 24),
(199554549, 'VIDELA MARIO , PABLO IGNACIO ', 25),
(199567365, 'JIMENEZ DURAN , FELIPE ALEJANDRO ', 22),
(199577832, 'DURAN RAMIREZ, NICOLAS VICENTE', 24),
(199578952, 'SANDOVAL CABEZAS , IGNACIO ALFONSO ', 25),
(199587234, 'HORMAZABAL PEREZ , NICOLAS ANTONIO ', 24),
(199589288, 'UMAÑA ARANDA , SERGIO ANTONIO ', 25),
(199592513, 'HINOJOSA TRONCOSO , ISMAEL OMAR ', 25),
(199592521, 'GUAJARDO BUSTOS , PABLO HERNAN ', 24),
(199593498, 'MATUS AGUILERA , IGNACIO NICOLAS ', 24),
(199605100, 'ALDUNATE RUBIO , FELIPE LORENZO ', 24),
(199607600, 'URIBE MORENO , CRISTIAN ALBERTO ', 24),
(199608363, 'QUAPE VIVES , BENJAMIN OSVALDO ', 24),
(199615718, 'ROA ROJAS , JOSE MANUEL ', 23),
(199618300, 'ROLDAN ALDAY, LUKAS BENJAMIN', 24),
(199620746, 'MORAGA CAMPOS , VICENTE ALEJANDRO ', 25),
(199622633, 'FIGUEROA MORALES , RICARDO MAURICIO ', 25),
(199623656, 'MORALES FERNANDEZ, MANUEL ARISTIDES', 25),
(199798111, 'CAROCA LAGOS, FABIAN ALFONSO', 24),
(199859790, 'MONTENEGRO MONTENEGRO , JUAN IGNACIO ', 24),
(199933760, 'MENA PADILLA , EUGENIO BASTIAN ANTONIO ', 24),
(199947583, 'POZO LECHENBAUER, ALBERTO LEONARDO', 23),
(199951602, 'MARTINEZ RISCO , SERGIO NICOLAS ', 25),
(199952579, 'PEREZ BENAVENTE , CRISTOBAL ARIEL ', 24),
(199961136, 'ARAVENA ROSALES , LUCAS VALENTINO ALONSO ', 24),
(199968394, 'CASTILLO CORDERO , RODOLFO IGNACIO ', 24),
(199975110, 'CONTRERAS FARIAS , RODRIGO TOMAS PABLO ', 25),
(200213378, 'ROMÁN LEIVA, CRISTÓBAL NICOLÁS', 22),
(200409337, 'PONCE BECERRA , MATIAS ARIEL ', 24),
(200432673, 'PINTO SILVA, JUAN PABLO', 24),
(200445457, 'ANGUITA FALCON, IGNACIO ANTONIO', 25),
(200556712, 'CONTRERAS CAMPOS , FABIAN LAFTRARO ', 25),
(200630653, 'ROCA LAGOS , NICOLAS IGNACIO ', 23),
(200717775, 'VIDAL ALVAREZ , DIEGO ANDRES ', 24),
(200727991, 'DIAZ RIVAS , EMILIO ALEJANDRO ', 25),
(200736540, 'SEPULVEDA TRONCOSO , FERNANDO NICOLAS ARTABAN ', 24),
(200743318, 'CORDERO VERA , BRUNO GONZALO ', 25),
(200756614, 'SANDOVAL MARCHANT , FELIPE EDUARDO ', 23),
(200758390, 'ARRIETA SEGOVIA , JAIME ANDRES ', 23),
(200808789, 'TUPPER GALLARDO, FRANCISCO', 22),
(200854438, 'MC KAY VIDAL , BRANDON ', 25),
(200867335, 'VEGAS PERKINS, ALEJANDRO JAVIER', 24),
(200892500, 'LEPE BARRIOS , CRISTOBAL MARCELINO ', 25),
(200957962, 'MONTECINOS PUENTE, FRANCO TOMAS', 23),
(200970845, 'ARTEAGA OLIVARES , IGNACIO ANDRE ', 20),
(200998383, 'MENESES HERRERA, MARCO IGNACIO', 21),
(201003938, 'SANCHEZ BRAVO , MARTIN ANDRES ', 22),
(201006090, 'HERRERA SANTIBAÑEZ , BENJAMIN JESUS ', 23),
(201009197, 'GONZALEZ LORCA , CHRISTIAN ALEJANDRO ', 22),
(201009316, 'LEYTON SOZA , MATÍAS IGNACIO ', 22),
(201083443, 'ARELLANO SANDOVAL , ALVARO FRANCISCO ', 25),
(201086477, 'ZUÑIGA ALVAREZ , LEANDRO ELIAS ', 24),
(201094011, 'PINO HERNANDEZ , DANTE RICARDO ', 20),
(201178037, 'CARRASCO LA BRUNA , GASPAR ANTONIO ', 25),
(201180228, 'LOPEZ ARAVENA , GASPAR THOMAS ', 24),
(201189136, 'OPORTO MARTÍNEZ , SERGIO ANDRÉS IAN ', 22),
(201224071, 'ROMERO CASTILLO , CRISTOBAL ALEJANDRO ', 22),
(201288665, 'CORNEJO SEGOVIA , JAIME ANDRES ', 25),
(201326770, 'ORELLANA OSSA , TOMAS SEBASTIAN ', 25),
(201600537, 'VIDAL LERTORA , ITALO FRANCISCO ', 23),
(201603412, 'ARANCIBIA VASQUEZ , RICARDO AQUILES ', 23),
(201644585, 'GUERRA ZUÑIGA , VICENTE XAVIER ', 23),
(202085296, 'ZUÑIGA TORRES , BENJAMIN ENRIQUE ', 23),
(202126090, 'ALFARO RIFFO , IGNACIO EDGARDO ', 23),
(202391354, 'CELIS ASTUDILLO , JOAQUIN ALONSO ', 22),
(202398189, 'FONTAINE MARTINEZ, ANDRES JULIAN', 22),
(202432808, 'PONCE AVILA , ANIBAL EDUARDO ', 23),
(202449816, 'GARAY MONDACA , SEBASTIAN IGNACIO ', 22),
(202455450, 'RUIZ CONTRERAS , MATIAS ANDRES ', 21),
(202457975, 'TORO TUDELA, BENJAMIN ANDRES', 21),
(202504418, 'VASQUEZ HERNANDEZ , TOMAS IGNACIO ', 22),
(202835520, 'VARAS BARRA , CRISTOBAL DANIEL ', 23),
(202836712, 'PASTEN ABARCA , JAVIER ALONSO ', 22),
(202836720, 'PASTEN ABARCA , JORGE IGNACIO ', 23),
(202844065, 'ROJAS PALMA , FRANCO IGNACIO ', 22),
(202845487, 'LAGOS ARANGUIZ , BENJAMIN IGNACIO ', 22),
(202846700, 'CELIS MORA , VICENTE JOAQUIN ', 22),
(202860532, 'GOMEZ TROYA , JUAN PABLO ', 22),
(202876170, 'CONTRERAS AGUIRRE , GABRIEL IGNACIO ', 23),
(202877133, 'MEDINA ORBETA, JOAQUIN ADOLFO', 23),
(202878806, 'ASPEE GUZMAN , NICOLAS ALONSO ', 21),
(202886124, 'NUÑEZ GONZALEZ, ALVARO ANTONIO', 23),
(202887899, 'GALLARDO VERGARA, LORENZO ANTONIO', 23),
(202903045, 'TORRES ORELLANA , SERGIO ANTONIO ', 23),
(202957129, 'TAMAYO NICOLI , SEBASTIAN MAXIMILIANO ', 22),
(202957315, 'QUINTEROS SANTIAGO , MATIAS IGNACIO ', 22),
(202962033, 'ARANEDA VARGAS, DIEGO ANDRES', 22),
(202962998, 'BAEZ GUERRERO , RODRIGO FABIAN ', 22),
(202969380, 'SALDIVIA LABRIN, GONZALO IGNACIO', 23),
(202969992, 'HERRERA URETA , NICOLAS ALFREDO ', 23),
(202971008, 'ESCOBAR RIVERA, TOMAS EMILIO', 22),
(202971164, 'VILLARROEL MONTERO , VICENTE ENRIQUE ', 22),
(202974465, 'PINCHEIRA POBLETE, MATHIA ANDRES', 22),
(202975801, 'LOPEZ LOPEZ , IVAN MARCELO ', 22),
(202976077, 'REYES MANCILLA , VICENTE IGNACIO ', 22),
(202978746, 'GALLARDO DÍAZ, MARTIN', 22),
(202978983, 'DEVIA ORDOÑEZ , MATIAS ANIBAL ', 22),
(202980945, 'MEZA MIRALLES , SEBASTIAN EDUARDO ', 22),
(202981852, 'VALENZUELA JUSTINIANO , JOAQUIN JOSE TOMAS ', 22),
(202983359, 'FUENTES AZOCAR , SALVADOR DARIO ', 23),
(202984282, 'LOBOS LABRA , JOAQUIN IGNACIO ', 22),
(202988660, 'TELLO CERDA , JORGE ANDRES ', 23),
(203000634, 'PAREDES VIVEROS , LUIS FELIPE ', 22),
(203305710, 'RETAMAL MOLINA , EDUARDO ENRIQUE ', 22),
(203403321, 'BILZ CONTRERAS , ALEXEJ ESTEBAN', 23),
(203426844, 'VALENZUELA PUSCEDDU , RAIMUNDO FABIO ', 23),
(203644060, 'BASUALTO CUEVAS, MARCELO IGNACIO ', 20),
(203708475, 'LANDAUR SANCHEZ , IGNACIO TOMAS ', 21),
(203819153, 'GONZALEZ SALINAS , BENJAMIN IGNACIO ', 23),
(203822863, 'ARREDONDO CUADRADO , TOMAS ANGELO ', 23),
(203833652, 'CARTES ESPINOZA , JUAN GUILLERMO ', 20),
(203837992, 'ECHEVERRIA VALENZUELA , RODRIGO ', 21),
(203838417, 'PEREZ ACUÑA , MARTIN IGNACIO ', 21),
(204266336, 'SILVA ARANEDA , CRISTOBAL ALFREDO ', 22),
(204274894, 'GALLEGUILLOS JARA , BENJAMIN ANDRES ', 20),
(204280010, 'MERINO ESCOBAR , MARTIN ALONSO ', 22),
(204288720, 'BEIZA INDO , LUIS FELIPE ', 21),
(204290601, 'GATICA VELOSO , PEDRO FELIPE ', 21),
(204295417, 'ALVAREZ ALVAREZ, JOAQUIN ANTONIO', 20),
(204297509, 'MOREIRA GUILQUIRUCA , GUSTAVO ALBERTO ', 21),
(204301581, 'ETEROVICH BARRA , MILAN IVAN ', 20),
(204309825, 'LANDAETA GONZALEZ , TOMAS IGNACIO ', 21),
(204314373, 'FUENTES VELOSO, ALONSO IGNACIO', 20),
(204337187, 'BECERRA DIAZ , FRANCISCO JAVIER ', 18),
(204454370, 'ZAMORANO JADUE , FERNANDO MAXIMILIANO ', 21),
(204457468, 'ORTEGA ZUÑIGA , FELIPE ANDRES ', 21),
(204463093, 'ALVARADO MANQUE, FELIPE IGNACIO', 23),
(204519846, 'ANRIQUEZ MARINOVIC, SIMON VICENTE', 22),
(204648360, 'CASTRO GONZALEZ , JOAQUIN ANDRES ', 23),
(204650802, 'SANGUINETTI OLIVARES , GIOVANNI ALEXANDER ', 23),
(204658404, 'PINO SANDOVAL , HECTOR ENRIQUE ', 23),
(204659613, 'POHL ARAVENA , HUGO ANDREAS ', 22),
(204673780, 'GONZALEZ SUAREZ , JOSE MANUEL ', 20),
(204674833, 'DIAZ ROBLA , SEBASTIAN ALONSO ', 20),
(204675465, 'ROBERT SERRANO , TOMAS ANDRES ', 20),
(204690499, 'RIOS GARRIDO, MAXIMILIANO', 20),
(204697450, 'CONSTANZO CHACON, VICENTE JAVIER', 23),
(204698872, 'CERDA COPAJA , JOAQUIN ELIAS ', 21),
(204699860, 'PARRAGUIRRE BRAVO, JAVIER IGNACIO', 21),
(204704023, 'RIVERA HEREDIA , ALEJANDRO ENRIQUE ', 21),
(204708339, 'QUINGER ALVAREZ, BRUNO', 21),
(204709670, 'OÑATE RIEDERER , FELIPE IVAN ', 21),
(204712000, 'GAC MONARDEZ , ALONSO FELIPE ', 21),
(204714428, 'JORQUERA CHAVEZ , SEBASTIAN IGNACIO ', 21),
(204718628, 'GONZALEZ ORMEÑO, BENJAMIN IGNACIO', 21),
(204721033, 'RODRIGUEZ SILVA, DAVID ALEXANDER', 21),
(204728615, 'CARRASCO DIAZ, IGNACIO OSVALDO', 21),
(204729395, 'TASSARA CAMAZON , FRANCO HÉCTOR ', 21),
(204730687, 'ESQUIVEL ARANGUIZ , ALONSO ALFREDO ', 20),
(204730709, 'PARRA DONOSO , VICENTE RODRIGO ', 20),
(204733112, 'LEYTON LATORRE , IGNACIO ESTEBAN ', 21),
(204733155, 'NEUENSCHWANDER FARIAS , EMILIO ANDRES ', 21),
(204736405, 'MOYA PALMA , FELIPE IGNACIO ', 20),
(204737487, 'ALLENDE BRAVO, SEBASTIAN IGNACIO', 21),
(204740127, 'ANDUEZA CANALES , FELIPE EDUARDO ', 20),
(204741670, 'FIGUEROA CANEO , RODRIGO IGNACIO ', 20),
(204743380, 'RODRIGUEZ HUERTA , MARTIN DIEGO ', 21),
(204894663, 'ARAVENA LOPEZ, JIMMY STANLEY', 21),
(204952876, 'BERRIOS OSSANDON , LUCIANO ANDRE ', 23),
(205369961, 'MADRID MARAMBIO , BENJAMIN IGNACIO ', 23),
(205375899, 'SEPULVEDA ALVEAR , MAXIMILIANO ARNALDO ', 20),
(205380906, 'ARAYA CABRERA , DIEGO ALFONSO ', 19),
(205501339, 'MURUA CACERES , LUKAS ANTU ', 21),
(205501363, 'CORTEZ VASQUEZ , SEBASTIAN ALEJANDRO ', 20),
(205569170, 'OSORIO FERNANDEZ , DIEGO IGNACIO ', 20),
(205799923, 'NAHUELCOY MARTINEZ, GABRIEL NICOLAS', 21),
(205895736, 'PINTO FLORES , FELIPE FERNANDO ', 20),
(205907076, 'BARROS AGLONI , JUAN SEBASTIAN ', 20),
(205911391, 'ARCE MEDINA , PATRICIO NICOLAS ', 21),
(205915478, 'KELLINGHUSEN DONOSO , VICENTE ', 20),
(205916857, 'JARA LOPEZ, RAMON IGNACIO', 20),
(205917268, 'ORTIZ RODRIGUEZ, JOSE IGNACIO', 18),
(206018267, 'VEGA DUARTE , NICOLAS FRANCISCO ', 21),
(206237333, 'SALAZAR VEGA, CRISTOBAL FELIPE', 20),
(206237686, 'GUTIERREZ ROJAS , SEBASTIAN ALONSO ', 20),
(206238160, 'FERNANDEZ MUÑOZ , CRISTOBAL EDUARDO ', 21),
(206322195, 'DURAN POZO , FABIO ALEJANDRO ', 18),
(206364254, 'FIGUEROA LARENAS , BENJAMIN ESTEBAN ', 21),
(206365870, 'FRIAS HERNANDEZ , MATIAS FACUNDO ', 20),
(206366311, 'CALAF VENEGAS , JUAN JOSE ', 20),
(206366478, 'PINO RAMMSY , TOMAS IGNACIO ', 21),
(206367016, 'ALFARO PALOMINOS , THOMAS ALONSO ', 21),
(206367342, 'AVILA MORENO , IGNACIO ANDRES ', 20),
(206373180, 'VALENZUELA PRIETO , BENJAMIN NICOLAS ', 19),
(206383836, 'TUDELA CORNEJO , VICENTE EUGENIO ', 20),
(206561947, 'PUEBLA URTUBIA , DIEGO SEBASTIAN ', 20),
(206647787, 'GONZALEZ ROJAS , IGNACIO ANDRES ', 18),
(206651709, 'ARIAS QUINTEROS , TOMAS FRANCISCO RENATO ', 20),
(206652551, 'ARRIAGADA JAQUE , NICOLAS SEBASTIAN ', 18),
(206655348, 'TOBAR FIGUEROA , JOAQUIN IGNACIO ', 20),
(206655739, 'SALDIAS PARHAM , IGNACIO FARUK ', 18),
(206656093, 'SYMMA OSORIO , TOMAS ANDRES ', 18),
(206662344, 'MELLADO OLEA, FELIPE IGNACIO', 20),
(206710608, 'GORMAZ VELASCO , LUKAS ARIEL ', 21),
(206734833, 'GONZÁLEZ MONTENEGRO, FRANCISCO JAVIER SALVADOR', 20),
(206737719, 'ALVARADO NUÑEZ , CRISTOBAL RUBEN ', 19),
(206759135, 'SANDOVAL MIRANDA, AGUSTIN IGNACIO VICENTE', 20),
(206768630, 'AVILA MERA, LUCAS ANDRES', 20),
(206768908, 'SANTANDER ACUÑA, SEBASTIAN IGNACIO', 21),
(206781564, 'SILVA VIDAL , LUCAS ANTONIO FRANCISCO ', 18),
(206793376, 'DIAZ RODRIGUEZ , DANIEL ERNESTO ', 19),
(206793945, 'CRUZ YOUNG , SEBASTIAN ANDRES ', 19),
(206805293, 'VALENZUELA ARANDA , DIEGO ISMAEL ', 19),
(206805641, 'VERGARA VEGA , ALONSO MAXIMILIANO ', 19),
(206941200, 'COCIO NAVARRO , DANTE NICOLAS ', 21),
(207051012, 'MONTECINOS COLVIN , JAVIER IGNACIO ', 18),
(207064718, 'MARTINEZ LOPEZ , RODRIGO ANDRES ', 21),
(207212407, 'BAHAMONDES DUARTE , CRISTOBAL ANDRES ', 20),
(207224170, 'LOBOS DIAZ , RENATO AGUSTIN ', 19),
(207259934, 'TAPIA RUIZ , ÁLVARO ', 19),
(207284475, 'FERNANDEZ PINO, TOMAS DAN ', 21),
(207464155, 'FONTT GERDTZEN , JAVIER IGNACIO ', 18),
(207554839, 'NECOCHEA MENESES, CRISTÓBAL ÁLAN', 19),
(207558087, 'FERNANDEZ CAMPOS , VICENTE SEBASTIAN ', 18),
(207580457, 'CARRERA ATENAS , SANTIAGO VICENTE ', 17),
(207768855, 'ALFARO RIFFO , ENRIQUE VICENTE ', 18),
(207801631, 'GARAY MONDACA , MAXIMILIANO ALONSO ', 18),
(207806790, 'GARRIDO GANGA , CHRISTIAN IGNACIO ', 19),
(207845809, 'MEDINA LETELIER, SAMUEL ALONSO', 19),
(207866920, 'JARA FERNANDEZ , JUAN IGNACIO ', 18),
(208070673, 'AHUMADA DEL CANTO , JUAN PABLO ', 19),
(208071424, 'CARRASCO OHRENS , TOMAS PABLO ', 19),
(208071882, 'LASTRA SOTO , TOMAS FRANCISCO ', 18),
(208074792, 'CARRASCO LA BRUNA , DANIEL ALFONSO ', 18),
(208079280, 'INOSTROZA UGARTE , TOMAS RODRIGO ', 18),
(208081187, 'PINO MONTENEGRO , MAXIMILIANO ANDRES ', 19),
(208094092, 'CASANOVA NUÑEZ , RENZO ALONSO ', 18),
(208096192, 'ROJAS PALMA , BRUNO IGNACIO ', 18),
(208098241, 'MERINO ESCOBAR , NICOLAS ANTONIO ', 18),
(208099019, 'FUENZALIDA ROJAS , LUCIANO IGNACIO ', 16),
(208105590, 'ESCOBAR CERDA , NICOLAS IGNACIO ', 19),
(208109588, 'CUEVAS QUERALTO , JUAN LUIS ', 18),
(208132113, 'CALDERON ALTAMIRANO, SEBASTIAN IGNACIO', 18),
(208191926, 'INOSTROZA MARTIN, SEBASTIAN IGNACIO', 19),
(208323946, 'SPIELMANN LEFIMIL , DIEGO IGNACIO ', 18),
(208360310, 'ARGOMEDO SEPULVEDA , IGNACIO ANDRES ', 16),
(208437070, 'ZURITA MUÑOZ , ESTEBAN MATIAS ', 18),
(208446401, 'HERNANDEZ NAVARRO , MATIAS EXEQUIEL ', 19),
(208447220, 'BRAVO BRAVO , BENJAMIN CARLOS ', 18),
(208466070, 'PALMA DE FERRARI, BENJAMIN ANDRES', 19),
(208489542, 'MURUA CACERES , ALLEN IGNACIO ', 19),
(208492608, 'ROBERT SERRANO , ALLAN DANIEL ', 18),
(208573918, 'TAPIA ROJAS , DANIEL ANDRES ', 18),
(208575490, 'ORTEGA CABELLOS , TOMÁS IGNACIO ', 18),
(208581929, 'RODRIGUEZ ARRIAGADA , BENJAMIN ANTONIO ', 19),
(208585061, 'FUENTES URIBE , CRISTOBAL NICOLAS ', 18),
(208585711, 'YAÑEZ VIDAL, MATIAS CRISTIAN', 18),
(208591479, 'CONTRERAS RIQUELME , SEBASTIAN JESUS ', 18),
(208853732, 'SANCHEZ MIRANDA , CAMILO RAUL ', 18),
(208862219, 'CORVALAN AVILA , FELIPE IGNACIO ', 19),
(209069482, 'AGUILAR SANTIBAÑEZ, JOAQUIN MAURICIO', 19),
(209090619, 'RODRIGUEZ PAREDES , PEDRO NICOLAS ', 18),
(209110784, 'ROMERO CASTILLO , FELIPE OCTAVIO ', 18),
(209145332, 'VEGA QUINTANILLA , JOSE PABLO ', 18),
(209427630, 'PASTRIAN YULAS , RAUL IGNACIO ', 19),
(209459337, 'CACERES NEUT , EMILIO IGNACIO ', 19),
(209473640, 'YAÑEZ NUÑEZ , FELIPE IGNACIO ', 19),
(209527332, 'GOMEZ BASTIAS , JOSE TOMAS IGNACIO ', 19),
(209537176, 'TRIVIÑO ECHAVARRIA , BRUNO ANTONIO ', 19),
(209556740, 'GOMEZ RAMIREZ , ROBERTO RENATO ', 19),
(209558700, 'MUÑOZ QUIJANO , MARTIN ANTONIO ', 19),
(209589427, 'CHAMORRO FAJARDO, NICOLAS GABRIEL', 19),
(209683180, 'VILLALON GALLARDO, IGNACIO ALFONSO', 17),
(209742390, 'ALARCON LARA, VICTOR ANDRES', 19),
(209744015, 'ROSALES BRITO , FELIPE IGNACIO ', 19),
(209822768, 'GUZMAN ZUÑIGA , NICOLAS FRANCISCO ', 17),
(209823128, 'ROMERO TORRES , CRISTOBAL ALBERTO ', 18),
(209833280, 'CAMPOS DURAN , CAMILO IGNACIO ', 18),
(209852292, 'ARREDONDO CABEZAS, IGNACIO RODOLFO', 19),
(209879620, 'ORTIZ CALDERON, ENZO ANTONIO', 19),
(209948699, 'MARTINEZ MORENO, JOSE AGUSTIN', 19),
(210032193, 'JULIO SALDIVAR , LUCIANO ARIEL ', 19),
(210092102, 'VIDAL LERTORA , DIEGO ALBERTO ', 17),
(210151141, 'RODRIGUEZ PAVEZ , MELCHOR ANDRES ', 15),
(210231064, 'AGUAYO MIRANDA , FABIAN IGNACIO ', 16),
(210236040, 'MUÑOZ HINOJOSA , MAXIMILIANO ', 16),
(210254838, 'GAETE GARRIDO , FELIPE ANDRES ', 18),
(210258710, 'MONJE MYRIK , LUCIANO ALEJANDRO ', 17),
(210298509, 'VERDUGO PAILLAPE , PABLO IGNACIO ', 17),
(210309330, 'PARRA ARENAS , FELIPE MAXIMILIANO ', 17),
(210310398, 'BLANCH TRUJILLO , JAVIER ', 17),
(210398414, 'SANTIBAÑEZ GUTIERREZ , MARTIN LUCAS', 16),
(210446745, 'SALAS FREY , DIEGO IGNACIO ', 17),
(210492283, 'LETELIER CASTRO, PABLO FELIPE', 18),
(210509933, 'VIGUERAS CUEVAS, LUCIANO TOMAS ', 17),
(210513027, 'VARETTO DELGADO, PABLO IGNACIO', 17),
(210513930, 'GONZALEZ MONTERO , AGUSTIN FERNANDO ', 17),
(210523235, 'AGUILERA NUÑEZ , GABRIEL PATRICIO ', 15),
(210668276, 'ASTUDILLO ESCALONA, FRANCO MOISES', 16),
(210674810, 'ARAYA OSSES , NIBALDO IÑAKY ', 17),
(210689133, 'MONTERO PETZOLD , VICENTE IGNACIO ', 16),
(210767088, 'SANCHEZ BUSTOS , JUAN PABLO CRISTOBAL ', 17),
(210790632, 'FUENTES BERRIOS , SIMON EMILIO ALBERTO ', 17),
(210796746, 'VILLANUEVA DONOSO , TOMAS IGNACIO ', 17),
(210806474, 'FLORES GUAJARDO , VICENTE AGUSTIN ', 17),
(210811133, 'ZUÑIGA DIAZ , JAVIER IGNACIO ', 16),
(210817310, 'MANRIQUEZ PRADO , DIEGO ALEJANDRO ', 16),
(210818740, 'NAVARRETE SANFELIU, GUSTAVO IGNACIO', 17),
(210819185, 'REYES BRAVO , BENJAMIN ANDRES ', 17),
(210820272, 'GALLEGO JARA , FRANCISCO JAVIER ', 16),
(210823042, 'FIERRO CESPEDES , ALEJANDRO MANUEL ', 17),
(210826300, 'IBACACHE OLEA, ALVARO IGNACIO', 14),
(210828036, 'INOSTROZA MARTIN , VICENTE FRANCISCO ', 14),
(210854592, 'MORALES NUÑEZ , BENJAMIN IGNACIO ', 16),
(210855777, 'ROMERO LEONICIO , VICENTE IGNACIO ', 17),
(210866914, 'FUENTES COFRE, DIEGO EDUARDO', 17),
(210872809, 'CONTRERAS YAU , HUGO ERIC ', 16),
(210972161, 'RIVERA VILLAGRAN , ALONSO DANIEL ', 16),
(211228210, 'VALDES FUENTES , ALONSO IGNACIO ', 16),
(211230894, 'FARR CIERO , DIEGO IGNACIO ', 16),
(211231432, 'HERNANDEZ PONCE , CRISTOBAL ANDRES ', 16),
(211277521, 'VERA RETAMALES , FELIPE ANDRES ', 17),
(211294701, 'MONTOYA ESCOBAR, VICENTE', 16),
(211313579, 'CUBILLOS ESPINOZA , BENJAMIN EDUARDO ', 17),
(211335190, 'VERDUGO CABELLO , AGUSTIN RAIMUNDO ', 17),
(211354160, 'FUENTES AZOCAR , GASPAR ALONSO ', 16),
(211362944, 'PEREZ HENRIQUEZ , NICOLAS IGNACIO ', 16),
(211409274, 'NAVARRETE RAMIREZ , FERNANDO ALONSO ', 16),
(211525126, 'ATALA ITE, EMILIO EXEQUIEL', 16),
(211531967, 'ABEDRABBO CISTERNAS , BSHARA YAMIL ', 16),
(211581930, 'JIMENEZ ARRIAZA , MARTIN NICOLAS ', 16),
(211652055, 'ARAYA APABLAZA , FRANCISCO JAVIER B ', 16),
(211662433, 'LOPEZ CUBILLOS , JOSE ANTONIO ', 16),
(211789778, 'GALLEGUILLOS JARA, ALONSO IGNACIO', 17),
(211850604, 'ARRIAGADA GALVEZ, RODOLPHO ESTEBAN', 16),
(211867655, 'NARANJO MUÑOZ , RODRIGO IGNACIO ', 17),
(211870052, 'CANIVILO BILBAO , DIEGO RODRIGO ', 17),
(211885360, 'LAMMEL ROMO, ISMAEL', 14),
(211924691, 'VEGA PERFETTI, JOAQUIN ALEJANDRO', 19),
(211929588, 'BAEZ GUERRERO , FELIPE IGNACIO ', 16),
(211938536, 'REYES MANCILLA , VALENTIN ALONSO ', 17),
(211953470, 'SALDIAS MERINO , FRANCO EMILIO ', 16),
(211959185, 'ARAVENA PRADO, MATIAS PABLO', 14),
(211960922, 'ENCALADA SAINZ, MANUEL EMILIO', 17),
(211990880, 'CABRERA PAINE , FELIPE IGNACIO ', 17),
(212003905, 'HERRERA FUENTES , CRISTOBAL ALONSO ', 16),
(212037389, 'BUGUEÑO VALDES, GASPAR RENATO', 16),
(212073792, 'HIDALGO CARDENAS , HUGO IGNACIO MIGUEL ', 17),
(212112771, 'VARGAS SANCY , DANIEL IGNACIO ', 16),
(212177598, 'BERRIOS CORBINAUD , ARMANDO MATIAS ', 14),
(212183571, 'QUIVIRA MUÑOZ, ALONSO SEBASTIAN', 17),
(212241440, 'FLORES DENEGRI, PABLO TOMÁS', 16),
(212244139, 'CASTILLO OLGUIN , SANTIAGO ANDRES ', 16),
(212252476, 'ZAVALA BREVIS , TOMAS MARTIN ', 17),
(212260371, 'BARAHONA VINET , MARTIN IGNACIO ', 16),
(212261017, 'D''AGOSTINO JARA , IGNACIO VINCENZO ', 17),
(212291056, 'VASQUEZ GUTIERREZ , MANUEL AGUSTIN ', 17),
(212291137, 'SÁNCHEZ CASTRO , ANDRÉS IGNACIO ', 17),
(212323071, 'AYALA ALCAYAGA , CRISTOBAL IGNACIO ', 17),
(212332860, 'DIAZ TORRES , NICOLAS FERNANDO IGNACIO ', 14),
(212391611, 'ESPINOZA HERRERA , JAVIER IGNACIO ', 15),
(212467529, 'NOVA MANRIQUEZ, FRANCISCO IGNACIO', 16),
(212517062, 'JARA LOPEZ, PEDRO TOMAS', 17),
(212615145, 'ARANCIBIA LAGOS , MIGUEL ANGEL ', 16),
(212632260, 'GONZALEZ BERTINELLI, MARIO ALONSO', 16),
(212646148, 'GUTIERREZ MENDEZ , TOMAS ', 16),
(212707902, 'MOLINA COPIA , ANGELO GABRIEL ', 15),
(212790249, 'BILZ CONTRERAS , KLAUS MAXIMILIANO ', 16),
(212796590, 'OVALLE CORDOVA , SIMON FERNANDO ', 15),
(212825557, 'GIORGETTI PASTRAN, NICOLAS IGNACIO', 15),
(212855286, 'FERNANDEZ MUÑOZ , BENJAMIN IGNACIO ', 15),
(212869457, 'SALDIAS PARHAM, NICOLAS YAZID', 14),
(212877301, 'VERDUGO SANCHEZ, CHRIS STUART', 16),
(212899380, 'VELOZ COELHO, DIEGO ALONSO', 15),
(212926477, 'MORALES MI , IGNACIO VITTORIO ', 16),
(212926736, 'CONCHA RIVERA, RUBEN ALONSO', 17),
(213013491, 'HELFER GONZALEZ , DIEGO EDUARDO ', 14),
(213053000, 'YAVAR GHIO, ENZO IGNACIO', 15),
(213058835, 'QUINTANA SILVA, DANIEL IGNACIO', 14),
(213112236, 'MALDONADO CORNEJO , DAVID IGNACIO ', 14),
(213159240, 'ALFARO RIFFO , PEDRO ALEJANDRO ', 14),
(213166620, 'RETAMAL CABRERA , BENJAMIN IGNACIO ', 15),
(213229877, 'PODESTA GONZALEZ, RENATO PAOLO', 14),
(213314548, 'GALVEZ GUERRERO, VICENTE FELIPE', 15),
(213316907, 'GUTIERREZ MALVERDE, ROBERTO CARLOS', 15),
(213364642, 'PINTO CANEO , OSCAR FRANCISCO FERNANDO ', 15),
(213420372, 'SAZO RIVERA, VICENTE OCTAVIO', 14),
(213420844, 'ALFARO PALOMINOS , VICENTE GABRIEL ', 14),
(213424254, 'SEGOVIA MATUS , DIEGO BALTAZAR ', 15),
(213429469, 'JIMENEZ GONZALEZ, RODRIGO ELIAS', 15),
(213434667, 'MONSALVE CONTRERAS, JESUS ANDRES', 12),
(213486594, 'TOBAR TRENGOVE , VICENTE ALONSO ', 15),
(213522175, 'SALAZAR ESCOBAR , TOMAS BENJAMIN ', 15),
(213533827, 'BARRÍA SEPÚLVEDA, CRISTÓBAL ALONSO', 14),
(213609254, 'TAPIA ALLENDE , PEDRO VICENTE ', 14),
(213610600, 'UMAÑA ARANDA , ALEJANDRO IÑAKI ', 15),
(213685511, 'JERIA LEAL , IGNACIO FELIPE ', 14),
(213710206, 'RIQUELME PEREZ , IGNACIO ANDRES ', 15),
(213735071, 'YAÑEZ NUÑEZ , SEBASTIAN EDUARDO ', 14),
(213748300, 'MORALES PIÑA, ALONSO MARTINIANO', 15),
(213753703, 'HERNANDEZ RODA , JUAN MANUEL ', 19),
(213795473, 'RODRIGUEZ VERGARA , JOAQUIN MAXIMILIANO ', 15),
(213845047, 'MIRANDA CUTURRUFO , ALONSO IGNACIO ', 14),
(213875442, 'ALVEAR AREVALO , SEBASTIAN LUCIANO ', 15),
(213880683, 'SEPULVEDA BOSSANS , VALENTIN JESUS ', 14),
(213889117, 'DEL CAMPO BERRIOS , NICOLAS ALEJANDRO ', 14),
(213960075, 'MARTINEZ MORENO , EMILIANO ALONSO ', 14),
(214010771, 'RAMM ANTIQUERA , JORGE BENJAMIN ', 14),
(214011905, 'AYMANS GONZALEZ , MATIAS LAIN ', 15),
(214029839, 'RAMIREZ ABARCA , TOMAS IGNACIO ', 14),
(214059290, 'CORTES ALISTER , DIEGO FERNANDO ', 14),
(214128578, 'MAASS MUÑOZ, SEBASTIAN ANDRES', 15),
(214189542, 'ALONSO ESTOLAZA, CRISTOBAL ANDRES', 15),
(214386500, 'HUERTA SALAZAR, ALONSO ALEJANDRO', 14),
(214440458, 'ORELLANA MESTRE , TOMAS FELIPE ', 14),
(214475030, 'CONTRERAS SANTANA , ESTEBAN FELIPE ', 14),
(214530350, 'MEDINA MEJIAS , AGUSTIN PATRICIO ', 14),
(214604086, 'ESPINOZA ARIAS , LUCAS VICENTE ', 15),
(214604272, 'ESPINOZA ARIAS , SEBASTIAN MATEO ', 14),
(214606380, 'CUEVAS FIGUEROA, PABLO VICENTE', 14),
(214681510, 'RODRIGUEZ MARTINEZ , MARIO FELIPE ', 15),
(214687640, 'ARANCIBIA CARVAJAL , MAXIMILIANO IGNACIO ', 15),
(214743922, 'CHARPENTIER ALEGRIA , RENATO TOMAS ', 15),
(214743990, 'ARAYA SANCHEZ, ANDRES IGNACIO', 14),
(214750295, 'CAMPILLO JEREZ , RENATO ALFONSO ', 15),
(214813360, 'CISTERNA PASTEN , RENATO IVAN ', 14),
(214817691, 'CONTRERAS CORNEJO, SEBASTIAN ANDRES', 14),
(214891166, 'MARTINEZ ROJAS , MATIAS ALONSO RAUL ', 14),
(214915170, 'JANSEN ARAVENA , MANUEL ALEJANDRO ', 15),
(214983591, 'CORNEJOS ARANGUIZ , JORGE ANTONIO ANGEL', 16),
(214995557, 'BECERRA SALINAS , JOAQUIN RODRIGO ', 14),
(215040216, 'LOPEZ MORENO , BENJAMIN IGNACIO ', 15),
(215046168, 'MIRANDA ACUÑA , NICOLAS ANDRES ', 15),
(215071162, 'ROJAS VERGARA, JAVIER ANTONIO', 15),
(215118380, 'FARIAS FALCON , CRISTOBAL FELIPE ', 15),
(215157059, 'SANCHEZ GOMEZ , MATEO FACUNDO ', 14),
(215278638, 'RIVERA VILLAGRAN , ALVARO CRISTOBAL ', 12),
(215285375, 'TRONCOSO PEREZ , IGNACIO SEBASTIAN ', 15),
(215354598, 'ROJAS DELGADO , JESUS MANUEL HUMBERTO ', 15),
(215365336, 'VIDELA MARIO , IGNACIO OSVALDO ', 15),
(215373711, 'DIAZ RODRIGUEZ , VICENTE ALONSO ', 16),
(215384870, 'REYES ABARCA , TOMAS IGNACIO ', 15),
(215396010, 'MARABOLI CONTRERAS , DIEGO IGNACIO ', 15),
(215412091, 'FIGUEROA POVEDA , MATIAS EMILIO ', 14),
(215428656, 'VILLARROEL GONZALEZ , ADRIANO ALONSO ', 12),
(215442543, 'ETCHEBERRY RUBIO , MARTIN EDUARDO ', 14),
(215466728, 'SILVA SEPULVEDA, DIEGO EDUARDO', 15),
(215475964, 'CARTAGENA ESCARATE , BENJAMIN ', 12),
(215494241, 'CACERES ARAVENA , FERNANDO VICENTE ', 12),
(215497445, 'VIDELA SILVA , BENJAMIN ', 12),
(215497658, 'ESTAY CISTERNAS , VICENTE AGUSTIN ', 12),
(215500608, 'ATRIA VELIZ , MATIAS SEBASTIAN ', 13),
(215548651, 'DIAZ TRONCOSO, MARTIN MAXIMILIANO', 14),
(215593347, 'GERMANO AYAR, ALDO PAOLO', 15),
(215618773, 'RESTREPO CORDOBA , JORGE EDUARDO ', 14),
(215619656, 'PULGAR ORELLANA , BENJAMIN IGNACIO ', 12),
(215648583, 'CRUZ CORVALAN , MAXIMILIANO ', 13),
(215651193, 'SERRANO HUME , RENATO PABLO ', 13),
(215695468, 'SANCHEZ FERRARI , TOMAS MAURICIO ', 13),
(215753760, 'RIOS GUTIERREZ , JOSE MARTIN ', 13),
(215876071, 'CORDOVA OPAZO , FELIPE ARMANDO ', 13),
(215931471, 'WONG TAPIA , IANN CHI KEONG ', 13),
(215953785, 'RIVERA HERMOSILLA, MAURICIO ALEXIS', 13),
(215960021, 'ARAYA JORQUERA , MAXIMILIANO ANDRES ', 13),
(215962288, 'GALLEGUILLOS JARA, PABLO ANTONIO', 13),
(215991830, 'GALAZ ZEPEDA, JEAN POOL ENRIQUE', 11),
(216016297, 'NÚÑEZ MUÑOZ, IGNACIO JAVIER', 12),
(216021207, 'CASTRO RIQUELME , BENJAMIN IGNACIO ', 12),
(216039319, 'ABEDRABBO CISTERNAS , AMIR LOAI ', 13),
(216190823, 'TAPIA CID , LUIS JORGE ', 13),
(216266404, 'CORNEJO ANDINO , IGNACIO ANDRES ', 10),
(216401760, 'VELOZ MIRANDA, MARTIN ALEJANDRO', 12),
(216418670, 'BECERRA TAGLE , MATIAS IGNACIO ', 13),
(216560388, 'PACHECO GONZALEZ , MARTIN ANDRES ', 13),
(216561694, 'PARRA ASPEE , GABRIEL ANDRES ', 13),
(216674219, 'ROCCO IGLESIAS , MAXIMILIANO ALONSO ', 12),
(216689747, 'JARA CORDERO , NICOLAS JESUS ', 12),
(216703189, 'CIFUENTES IVANOVICH, LUCAS ROBERTO', 12),
(216713664, 'LEÓN CALDERÓN, SANTIAGO ALFONSO', 12),
(216722507, 'OSORIO BERNAL , FELIPE PATRICIO ', 12),
(216738470, 'CANALES AVILA , ANTONIO JAVIER ', 12),
(216750446, 'SAUMONT LOPEZ , JOSE TOMAS ', 13),
(216758331, 'QUINTANA SILVA , BENJAMIN ANDRES ', 13),
(216758595, 'BERRIOS CONTRERAS , MATIAS VICENTE ', 13),
(216759958, 'MARCHANT PEÑA , CRISTOBAL ALBERTO ', 12),
(216760379, 'SALVO ANGULO , BENJAMIN EDUARDO ', 12),
(216761383, 'GREZ AVENDAÑO , MATEO ANTONIO ', 13),
(216781333, 'PURCELL ZANELLI , AGUSTIN IGNACIO ', 10),
(216782640, 'QUIROGA SALGADO , CRISTOBAL ANDRES ', 11),
(216783557, 'SOTO MATUS , FELIPE ANDRES ', 10),
(216811275, 'SANTELICES ZAPATA , GIUSEPPE ISAIAS ', 12),
(216825837, 'GOMEZ VALENCIA , NICOLAS GABRIEL ', 12),
(216845277, 'HELFER GONZALEZ , LORENZO MARCO ', 13),
(216850840, 'CATALAN ILABACA , ALONSO TOMAS ', 12),
(216882547, 'DÍAZ LONCON, MARTIN IGNACIO', 12),
(216929616, 'OJEDA RIQUELME , JOAQUIN ALBERTO ', 13),
(216958918, 'MEZA SALAS , DIEGO IGNACIO ', 13),
(216967879, 'FUENTES ORELLANA , CRISTOBAL JAVIER ', 12),
(216990854, 'FLORES ZUÑIGA, VICENTE IGNACIO', 12),
(217008190, 'LETELIER CASTRO, SEBASTIÁN IGNACIO', 12),
(217024714, 'SANDOVAL SILVA , MARTIN EDUARDO ', 13),
(217024749, 'GUARDA ANTUNEZ , VICENTE SALVADOR ', 12),
(217033497, 'CASTRO ZAHRADNIK, DANTE GABRIEL', 13),
(217128951, 'SANCHEZ BUSTOS , TOMAS FELIPE ', 13),
(217129176, 'ORTEGA PADILLA , CAMILO JAVIER ', 12),
(217192528, 'LOPEZ SALAS, FELIX MAXIMILIANO', 12),
(217219787, 'PEREA CAPAROTTA , EMILIANO OCTAVIO ', 13),
(217252164, 'CACERES LOYOLA , IGNACIO OMAR ', 13),
(217325692, 'DIAZ TORRES , MATIAS ALEJANDRO ANDRES ', 13),
(217376106, 'GODOY CARRASCO , RICARDO ANTONIO ', 12),
(217378133, 'ARIAS QUINTEROS, MARTIN ANDRES', 12),
(217401321, 'SALGADO PEREZ , MATIAS CRISTIAN ', 12),
(217473187, 'INOSTROZA SERRANO, VICENTE NICOLAS', 13),
(217504953, 'SAGREDO PEREZ , NICOLAS ANDRES ', 13),
(217538734, 'LILLO MOYA , SEBASTIAN ANDRES ', 12),
(217596335, 'CABEZAS TAPIA, SANTIAGO JAVIER', 13),
(217662109, 'BERTI MORENO , BENJAMIN IGNACIO ', 10),
(217673305, 'PARADA SEPULVEDA , MANUEL ALFREDO ', 13),
(217686725, 'SEVERIN COÑIAM , CRISTOBAL IGNACIO ', 11),
(217703603, 'AGUILERA ESPINOZA , FELIPE ANDRES ', 12),
(217712645, 'CATALAN ZUÑIGA , MARTIN ALEJANDRO ', 13),
(217714699, 'SANCHEZ MIRANDA , RAUL ALONSO ', 12),
(217756910, 'CARMONA SARAVIA , CRISTOBAL ALONSO ', 12),
(217759226, 'CASTILLO QUIROZ , GASPAR ANTONIO ', 13),
(217759293, 'AEDO MONTANARES , SANTIAGO JAVIER ', 13),
(217800722, 'LAGOS GONZALEZ , SEBASTIAN RODRIGO ', 12),
(217852668, 'GUTIÉRREZ LASTARRIA, SANTIAGO NICOLÁS', 13),
(217950635, 'PAREDES MOLINA , MARTIN ALONSO ', 12),
(217955645, 'ARANDA STUARDO , BENJAMIN ALEJANDRO ', 13),
(217965861, 'SÁNCHEZ BRAVO , JOAQUIN IGNACIO', 13),
(217986648, 'BUSTOS MADRIAZA , LUCAS DAMIAN ', 13),
(218019463, 'MARAMBIO ARMIJO , EMILIANO ANTONIO ', 12),
(218032214, 'NAVARRO CORDOVA, LUKAS PATRICIO', 12),
(218099211, 'MUÑOZ ANGULO , JOAQUIN AMARU ', 11),
(218110460, 'HERMOSILLA ARCE , ARIEL IGNACIO ', 11),
(218123171, 'CASTRO BAEZA , MAXIMILIANO ALONSO ', 11),
(218158048, 'MIRANDA RIVERA , MATIAS VALENTIN ', 11),
(218183719, 'BARRUETO PÉREZ, RAFAEL EDUARDO', 10),
(218184189, 'BERNAL BRAVO , JAVIER IGNACIO ', 10),
(218214029, 'VALDES FUENTES , FABIAN ALEXIS ', 10),
(218274374, 'AYMANS GONZALEZ , LUCAS ERNESTO ', 10),
(218399894, 'ROMÁN LEIVA, VICENTE ANDRÉS', 13),
(218405908, 'PALMA DE FERRARI, MATEO SEBASTIÁN', 12),
(218413170, 'OJEDA SEPULVEDA , VALENTIN ISAIAS ', 10),
(218413234, 'BARRIA SEPULVEDA , JAVIER ALEJANDRO ', 11),
(218432590, 'INOSTROZA ALVEZ, MATHÍAS', 11),
(218436420, 'ALVARADO FERNANDEZ , GABRIEL IGNACIO ', 11),
(218453201, 'GONZALEZ BASCUR, IGNACIO', 10),
(218489826, 'BRIONES FLORES , GASPAR ELIAS ', 11),
(218507522, 'MARIN BUSTOS , SEBASTIAN DAVID ', 10),
(218552935, 'PERALTA FUENTES , MIGUEL EDUARDO ', 11),
(218562191, 'LOPEZ ABARZUA , THOMAS IGNACIO ', 10),
(218583660, 'VALDES CAVIERES , MANUEL FERNANDO ', 11),
(218604129, 'GONZALEZ SANCHEZ, BENJAMIN IGNACIO', 10),
(218604706, 'LEPE LEPE , MARTIN ALEJANDRO ', 11),
(218655106, 'VASQUEZ GUTIERREZ , PABLO IGNACIO ', 10),
(218684289, 'ROJAS GONZALEZ , FELIPE ', 10),
(218749216, 'RAMM ANTIQUERA , AGUSTIN ANTONIO ', 10),
(218796184, 'CERDA AGUILAR , JAVIER IGNACIO ', 10),
(218876889, 'ECHEVERRIA BUENO , FERNANDO ESTEBAN ', 10),
(218895565, 'VENEGAS OLIVARES , JAVIER MARCELO ', 11),
(218939333, 'DÍAZ PAVEZ, VICENTE MATEO', 10),
(219041284, 'MUÑOZ HINOJOSA , DIEGO ALONSO ', 10),
(219049625, 'GALVEZ VARGAS, NICOLAS ALBERTO', 11),
(219057873, 'LOPEZ SAAVEDRA , CLEMENTE IGNACIO ', 11),
(219116713, 'SALINAS SAN CRISTOBAL, VICENTE IGNACIO', 11),
(219189214, 'SOTO CORRIAL , JOAQUIN JAVIER ', 10),
(219217277, 'CARDENAS SAN MARTIN , MATIAS ANTONIO ', 10),
(219267541, 'HERNANDEZ PONCE , MARTIN ANDRES ', 9),
(219306300, 'MONTECINOS YAÑEZ, RAIMUNDO IGNACIO', 10),
(219329253, 'VEGA MORA , VICENTE SALVADOR ', 11),
(219345453, 'ALVEAR  GALLIORIO, RAÚL ANDRES', 10),
(219376910, 'CORNEJOS ARANGUIZ , DIEGO ALONSO ', 10),
(219399480, 'FRITZ DONOSO , SEBASTIAN ANDRES ', 11),
(219414021, 'PINTO PEDEMONTE, ANDRÉS LUCIANO', 10),
(219414870, 'ALONSO ESTOLAZA, MATIAS ALEXIS', 10),
(219441282, 'CACERES RAMOS , SANTIAGO AGUSTIN ', 9),
(219524781, 'CANCINO SANCHEZ , AGUSTIN MAXIMILIANO ', 10),
(219527268, 'GONZALEZ MORENO , JAVIER ANTONIO ', 10),
(219537760, 'SANHUEZA VALENTIE, VICENTE IGNACIO', 10),
(219610947, 'MUÑOZ VEGA , FRANCISCO VICENTE ', 10),
(219624964, 'CONTRERAS PIZARRO , IGNACIO JAVIER ', 11),
(219637438, 'CAROCA LAGOS, FERNANDO JAVIER', 11),
(219644663, 'HAFEMANN ACUÑA , LUKAS IGNACIO ', 11),
(219645694, 'DELGADO VILLASECA, BRUNO OCTAVIO', 11),
(219705760, 'AZOCAR MONSALVE, VICENTE LEON', 8),
(219706537, 'SOTO ALCAIDE , MARTIN BERNARDINO ', 11),
(219757964, 'SEPULVEDA DIAZ , FELIPE EDUARDO ', 11),
(219773471, 'ZAMORA ROBLES , BENJAMIN ANDRES ', 11),
(219813880, 'CISTERNA GARCÍA, SEBASTIÁN ESTEBAN', 10),
(219821050, 'ARIAS RIQUELME , FELIPE ANTONIO ', 11),
(219837887, 'CONTRERAS LOPEZ , MAXIMILIANO MARTIN ', 11),
(219872852, 'BENAVIDES REVECO , DIEGO FELIPE ', 11),
(219985762, 'VERDUGO PAILLAPE , MATIAS ALONSO ', 8),
(219994400, 'CASTAÑEDA BUGUEÑO , GASPAR ALONSO ', 10),
(220073076, 'LANDEROS GOMEZ , JAVIER ANTONIO ', 11),
(220114830, 'LENER MOLINA , KEVIN HAROLD ', 10),
(220159574, 'RODRIGUEZ VERGARA , AGUSTIN SANTIAGO ', 11),
(220186660, 'MOYA PEREDO , MATIAS GABRIEL ', 10),
(220358658, 'MOYA PALMA, TOMAS', 10),
(220511901, 'SANCHEZ BARRIOS , PATRICIO MANUEL ', 11),
(220515117, 'GONZALEZ GONZALEZ , MARTIN IGNACIO ', 11),
(220529665, 'SARMIENTO PAREDES, SALVADOR BENJAMIN', 10),
(220611949, 'CASTILLO DIAZ , THOMAS ANDRES ', 10),
(220619613, 'CORTEZ VASQUEZ , CRISTIAN GABRIEL ', 11),
(220622070, 'GUARDA ANTUNEZ , MARTIN IGNACIO ', 11),
(220682315, 'NOCETTI FIGUEROA, DANIEL IGNACIO', 11),
(220695590, 'TOLOSA FERNANDEZ , MATIAS FELIPE ', 10),
(220809684, 'PARADA SEPULVEDA , FELIPE ANDRES ', 11),
(220811140, 'MARTINEZ SALINAS , PABLO ALBERTO ', 10),
(220826163, 'MONTENEGRO CALCAGNO, SIMON PATRICIO', 11),
(220907562, 'OSSANDÓN SAAVEDRA, MAXIMILIANO', 10),
(220944581, 'ARANCIBIA CHANDIA , JOAQUIN EDUARDO ', 8),
(220946800, 'GALLARDO DIAZ, GASPAR', 8),
(220955818, 'YAVAR GHIO, FRANCO ANTONIO', 11),
(220966445, 'PALMA NACARATE , BENJAMIN IGNACIO ', 9),
(221044134, 'MOHOR MIRANDA , NICOLAS SALVADOR ', 9),
(221057783, 'DEL REAL ACOSTA, DANIEL FABIAN', 11),
(221111931, 'SAGREDO ALCAINO , MARTIN HERNAN ', 8),
(221125142, 'PETRILLO ZUÑIGA , LUCIANO VALENTIN ', 9),
(221137230, 'MAGNETTI ARENAS , AMARO IGNACIO ', 9),
(221137434, 'MAGNETTI ARENAS , LUCIANO ANDRES ', 8),
(221185196, 'SANTIAGO COBA , THAIEL MAURICIO ', 14),
(221232232, 'CORNEJO ANDINO , ALONSO CRISTOBAL ', 8),
(221263499, 'FUENTES ORELLANA , IGNACIO RAFAEL ', 9),
(221342070, 'FUENTES FIGUEROA , VICENTE TOMAS ', 9),
(221343751, 'PEÑA CONCHA, SEBASTIÁN ANDRÉS', 8),
(221454022, 'GONZALEZ PAVEZ , JOAQUIN ALONSO ', 9),
(221467124, 'BUSTOS GUERRA , VICENTE JESUS ', 8),
(221470290, 'GONZALEZ LLANOS , ALFONSO ALEJANDRO ', 8),
(221483103, 'TROBOK BASCUÑAN, JOAQUIN IGNACIO', 7),
(221562313, 'ZAPATA SOTO , BENJAMIN ', 8),
(221599489, 'URIBARRI GONZALEZ , DANIEL ALEJANDRO ', 9),
(221604920, 'CANCINO CANALES, LUCAS ALONSO', 9),
(221638956, 'TOLOZA BENITEZ, BRANCO RODRIGO ALFONSO', 9),
(221645570, 'ALVEAR AREVALO , LUKAS IGNACIO ', 9),
(221648064, 'MARQUEZ TORRES , MANUEL IGNACIO ', 8),
(221684893, 'NUÑOVERO SILVA , RENATO ', 19),
(221714113, 'PEILLARD FUENTES , RENATO ANTONIO ', 8),
(221739876, 'NUÑOVERO SILVA , MARCELO ', 13),
(221770099, 'CUBILLOS BONILLA, SEBASTIAN MATIAS', 8),
(221849361, 'CAMPOS GALLARDO , DIEGO NICANOR ', 9),
(221919025, 'GONZALEZ VARGAS , JUAN JOSE IGNACIO ', 8),
(221934504, 'MUÑOZ ENCALADA , DIEGO IGNACIO ', 9),
(221936892, 'RUIZ BRICEÑO , VICENTE IGNACIO ', 9),
(221960416, 'MONTES CHAVEZ , JAVIER IGNACIO ', 8),
(222016851, 'CAMPOS GODOY , VICENTE IGNACIO ', 9),
(222039827, 'MANCILLA CORDOVA , IGNACIO THOMAS ', 8),
(222060389, 'VIDAL ALVAREZ , MARTIN ALONSO ', 8),
(222107997, 'RIFFO SARAVIA, LUIS FELIPE', 9),
(222118999, 'DURAN RIVERA , LUCAS DANIEL ', 8),
(222119200, 'DURAN RIVERA , PABLO ANDRES ', 9),
(222231930, 'TARE CASTRO, NICOLAS IGNACIO', 6),
(222255228, 'NUÑEZ MUÑOZ, BENJAMIN GABRIEL', 9),
(222350484, 'VALENZUELA TAPIA , JUAN PABLO ', 8),
(222422035, 'ZENKLUSSEN ALFARO, RAFAEL ALEJANDRO', 9),
(222477077, 'CUEVAS QUERALTO , CRISTOBAL JESUS ', 8),
(222486270, 'CANDIA RICCI, ALBERTO VICENTE', 9),
(222520150, 'ROSALES BRITO , MATIAS SEBASTIAN ', 8),
(222572002, 'SAZO RIVERA, AGUSTIN SANTIAGO', 8),
(222691206, 'NEUMANN HENRIQUEZ, CRISTOBAL MAXIMILIANO', 8),
(222700701, 'CASTRO PRADO , AGUSTIN VICENTE ', 9),
(222701880, 'TOGNARELLI MILLANIR, VICENTE EMILIO ALEJANDRO', 8),
(222705479, 'CRUZ CORVALAN, RAIMUNDO', 9),
(222721300, 'BASUALTO CUEVAS, JUAN PABLO SEBASTIAN', 8),
(222726590, 'VALENZUELA PEÑA, MAXIMILIANO PATRICIO', 8),
(222734142, 'ESCOBAR PEREZ , BENJAMIN ANTONIO ', 8),
(222737761, 'DIAZ RETAMAL , SIMON ALONSO ', 9),
(222769540, 'MUÑOZ GAJARDO , LUIS ALEJANDRO CADIN ', 8),
(222770335, 'ESCALANTE IBAÑEZ , IAN AARON ', 9),
(222843863, 'ORREGO ACUÑA , GABRIEL IGNACIO ', 8),
(222882770, 'PIZARRO ERBA , CLAUDIO NICOLAS ', 8),
(222889430, 'AHUMADA DEL CANTO , JOSE CRISTOBAL ', 8),
(222978025, 'VILLARROEL MONTERO , SANTIAGO ARIEL ', 9),
(223022189, 'VILLALOBOS CARREÑO , ALONSO FERNANDO ', 8),
(223046452, 'ORTEGA PADILLA , EMILIANO DAMIAN ', 8),
(223051510, 'TIMMERMANN SANHUEZA , ALEX RODOLFO ', 8),
(223061273, 'BEYZAGA ROMERO , MARCELO IGNACIO ', 9),
(223066011, 'PASTRIAN CERONI , CRISTIAN EDUARDO ', 9),
(223096212, 'GOMEZ NEIRA , THOMAS CURLY ', 9),
(223119425, 'BRUNA MUÑOZ, MAXIMILIANO IGNACIO', 9),
(223159168, 'GONZALEZ VERGARA , MARTIN AMARO ', 9),
(223237444, 'RAMIREZ MUÑOZ, MARIO AGUSTIN', 7),
(223241956, 'GONZALEZ ROJAS , BENJAMIN ALONSO ', 9),
(223251803, 'ROJAS VERDUGO , SANTIAGO ALONSO', 8),
(223294243, 'MARTINEZ MUÑOZ , BENJAMIN ANDRES ', 8),
(223329217, 'SALAZAR VEGA, SANTIAGO ALONSO', 9),
(223346642, 'MONROY SOLIS , REMIGIO ARIEL ', 8),
(223347967, 'MONCADA ROCHA , JOSE ANTONIO ', 8),
(223364730, 'GARCIA CANDIA , VICENTE AGUSTIN ', 9),
(223403093, 'LUSHINGER ALCAYAGA , NICOLAS ANTONIO ', 9),
(223496865, 'PEREIRA VILLARROEL, CAMILO IGNACIO', 7),
(223504329, 'MUÑOZ FARIAS, DIEGO ORLANDO', 8),
(223521967, 'GRAVERT VALDIVIA , MATIAS CRISTOBAL ', 9),
(223527124, 'MORALES NAVARRETE, LORENZO', 9),
(223566553, 'RAMIREZ TORRES, LUCAS TOMAS', 9),
(223625177, 'BESSOLO RIVERA, VICENTE SANTINO', 6),
(223651798, 'ROJAS GONZALEZ, AGUSTIN ANDRES', 6),
(223670130, 'PINTO LEON, NICOLAS IGNACIO', 7),
(223684157, 'MARQUEZ SANCHEZ, SANTIAGO ANTAY', 9),
(223700756, 'BYRT QUINTANILLA, ALEJANDRO', 7),
(223701132, 'PURCELL ZANELLI , CRISTOBAL JOSE ', 8),
(223726461, 'MINAUDIER CARREÑO, NOAH', 6),
(223801510, 'GUERRERO FERNANDEZ, ALONSO', 7),
(223828230, 'MORALES ERICES, FRANCISCO IGNACIO', 6),
(223890520, 'FLORES CASTRO, NICOLAS ESTEBAN', 6),
(223908918, 'ZAPATA URTASUN, JOSE ANTONIO', 6),
(223921221, 'PINTO MUÑOZ, NICOLAS SANTIAGO', 6),
(223931731, 'PIZARRO VARGAS, LUCAS RENE', 6),
(223959679, 'PARDO VEGA, GABRIEL AGUSTIN', 6),
(224033648, 'PALMA ALEGRIA, MATHIAS EDUARDO', 7),
(224134614, 'NORMAN GUERRA, PABLO IGNACIO', 7),
(224161255, 'HERNANDEZ GONZALEZ, BENJAMIN ANDRES', 6),
(224190727, 'CHAVEZ PEREZ, VICENTE IGNACIO', 7),
(224233434, 'CID ARAYA, MATIAS ISRAEL', 6),
(224286457, 'ACUÑA LORCA, MATIAS IGNACIO', 7),
(224321562, 'FIGUEROA CACERES, ORLANDO GUSTAVO', 7),
(224372477, 'HIDALGO PALUMBO, AMARO MAXIMILIANO NICOLAS', 7),
(224452543, 'MENESES HERRERA, FELIPE ANTONIO', 6),
(224472692, 'FUENTES GUERRA, RENATO ANTONIO', 7),
(224492537, 'CANALES PEREZ, BRUNO ALBERTO ALONSO', 7),
(224518129, 'GALLEGOS CONCHA, CRISTIAN MAXIMILIANO', 6),
(224638388, 'PINTO SHOCKLEY, MARCELO IGNACIO', 6),
(224814690, 'HENRIQUEZ JIMENEZ , AARON ALEXANDER VICTOR ', 9),
(224821018, 'OROS FONSECA, THOMAS BENJAMÍN', 6),
(224821271, 'CARRASCO VERDERAMO, AGUSTIN', 7),
(224823037, 'CHAVARRIA GOMEZ, AGUSTIN IÑAKI', 7),
(224833300, 'OLIVARES ARANCIBIA, LUCAS BASTIAN', 6),
(224834004, 'HUENTEñANCO JARA, GABRIEL IGNACIO', 6),
(224849460, 'MORA NEIRA , JUAN ESTEBAN', 7),
(224922019, 'MORALES PIÑA, ANDRES IGNACIO', 6),
(224927649, 'MUÑOZ SANTANDER, BENJAMIN HERNAN', 6),
(224963670, 'GOMEZ SOTO, JAVIER IGNACIO', 6),
(224969538, 'GALVAN LAGOS, MATIAS JAVIER GREGORIO PATRICIO', 7),
(225010358, 'RUBIO ZUÑIGA, BENJAMIN ALONSO', 7),
(225053898, 'SILVA MUÑOZ, TOMAS ANDRES', 7),
(225090203, 'BAHAMONDES DUARTE, BRUNO AGUSTIN', 7),
(225161291, 'FERREIRA FERREIRA, JAVIER ALEJANDRO', 6),
(225192367, 'RIQUELME CASTILLO, CRISTOBAL AGUSTIN', 7),
(225232806, 'CONTRERAS CARMONA, MARTÍN ALONSO', 7),
(225242933, 'FUENTES SAZO, DANTE HORACIO', 6),
(225245347, 'KOHAN FUENTEALBA, BENJAMIN ISAIAS', 6),
(225360448, 'SEVERIN COÑIAM, LORENZO ENRIQUE', 6),
(225383430, 'VALENCIA DIAZ , FELIPE IGNACIO', 7),
(225388296, 'SANHUEZA VALENTIE, FELIPE ANDRES', 7),
(225403341, 'BUSTAMANTE QUIROZ , ALESSANDRO RENE ', 13),
(225432996, 'TOLOSA FERNANDEZ, NICOLAS ALONSO', 6),
(225457700, 'OYARCE VARGAS, MARTIN IGNACIO', 6),
(225526680, 'PEREA CAPAROTTA, MARIANO ALBERTO', 6),
(225571449, 'SANCHEZ BRAVO, LUCAS CRISTOBAL', 6),
(225602352, 'JIMENEZ GONZALEZ, CRISTIAN DAVID', 6),
(225638322, 'INZUNZA GONZALEZ, MARTIN EDUARDO', 6),
(225738998, 'ALFARO URZUA, VICENTE ANDRES', 7),
(225807922, 'RIOS FARIAS, VICENTE', 6),
(225853754, 'ARAYA ALLENDES, VICENTE ANTONIO', 7),
(225863911, 'CELEDON LIZANA, ALEX SAMUEL', 6),
(225872880, 'QUIROGA SALGADO, AGUSTIN IGNACIO', 7),
(225878706, 'ORDOÑEZ LEON, JOAQUIN ANTONIO', 6),
(225914222, 'CESPEDES ARANGUIZ, IAN LEONARDO', 7),
(225928860, 'VALLADARES HERRERA, ANDRES ISMAEL', 6),
(225996334, 'PINO RAMMSY, MAURICIO IGNACIO', 6),
(226018107, 'AMARALES VILLAGRA, SANTIAGO MATEO', 10),
(226162640, 'VIDAL GONZALEZ, CRISTOBAL ANTONIO', 7),
(226174524, 'ZAPATA ZUÑIGA, JOAQUIN DARIO', 7),
(226220488, 'PINCHEIRA ZBINDEN, GONZALO IGNACIO', 6),
(226268871, 'MARTINEZ ORDOÑEZ, ALONSO RAIMUNDO', 7),
(226277099, 'ROA LEAL, BENJAMIN MAXIMILIANO', 7),
(226320067, 'RIQUELME MUÑOZ , ADRIAN IGNACIO ', 8),
(226328602, 'PARRA ARENAS, MARTIN SANTIAGO', 6),
(226446982, 'URRUTIA BERMEJO, RENZO JAVIER', 7),
(226453938, 'FIGUEROA VALENZUELA, MATHIAS IGNACIO', 6),
(226500600, 'LOPEZ GONZALEZ, PEDRO ALONSO', 7),
(226503137, 'MENA RIVERA, MAXIMILIANO JOSE', 7),
(226515437, 'LUNA DUARTE, JUAN FELIPE', 6),
(226722793, 'ORELLANA GALARCE, ALONSO HUMBERTO', 7),
(226729518, 'ARIAS FUENTEALBA, MARTIN ALEJANDRO', 7),
(226767800, 'CANO VALDES, JUAQUIN ADOLFO', 6),
(226818340, 'PEREZ VILDOSOLA, ALONSO ANDRES', 7),
(226857796, 'ITURRA FARIAS, SEBASTIAN ANTONIO PEDRO PABLO', 7),
(226933530, 'MERINO CONCHA, RENATO', 6),
(226953558, 'LEVANCINI VARAS, TOMAS FRANCISCO', 4),
(226954457, 'MARABOLI CONTRERAS, BENJAMIN ALONSO', 4),
(227063599, 'CATALAN ROJAS, MARTIN ESTEBAN', 7),
(227080884, 'MAGGA EMANUELE , PIETTRO ', 23),
(227217979, 'VERA GÓMEZ, MARTÍN RAÚL', 5),
(227242833, 'BALBONTIN MEDINA, BASTIAN ERNESTO', 5),
(227253495, 'STUCK TRONCOSO, MAXIMILIANO ALEJANDRO', 5),
(227407956, 'PAUL FERNANDINI, PHILLIPE ANDRE', 5),
(227512660, 'CABRERA DAVILA, NICOLAS ARIEL', 4),
(227524227, 'BARRERA CANALES, ABEL IGNACIO', 4),
(227555360, 'REBOLLEDO LEYTON, SALVADOR IGNACIO', 4),
(227567775, 'MOHOR MIRANDA, GABRIEL ALONSO', 5),
(227570172, 'PARRA HURTADO, MATIAS ALEXANDER', 5),
(227619686, 'CORVALAN AVILA, CRISTIAN EDUARDO', 4),
(227634065, 'ROJAS FORNE, MARTIN ALONSO', 4),
(227635240, 'SEPULVEDA MANZANO, JUAN JOSE', 5),
(227657367, 'GONZALEZ MONTERO, FACUNDO IGNACIO', 4),
(227673036, 'REYES CHAMORRO, ALONSO GABRIEL', 4),
(227704861, 'HENRIQUEZ VARGAS, JOSE ALBERTO', 4),
(227710101, 'ROMERO HERMOSILLA, DIEGO VALENTIN', 5),
(227720298, 'OVANDO SOTO, ALONSO BENJAMIN', 5),
(227741740, 'CARMONA SANTIBAÑEZ, JORGE ANDRES', 4),
(227745762, 'ODE DELZO, MATIAS GABRIEL', 4),
(227837217, 'MORENO VALENZUELA, CRISTIAN VICENTE', 5),
(227899689, 'BRAVO CERDA, NICOLAS DANIEL', 5),
(227918977, 'NILZON TRINCADO , GUSTAVO ANDRÉS ', 12),
(227949716, 'HERNANDEZ ESPINOSA, ENRIQUE IGNACIO', 5),
(228032646, 'CISTERNAS VELASCO, MATIAS RODRIGO', 4),
(228054682, 'GOMEZ GUEVARA, MATEO ANTAI', 4),
(228060135, 'NEIRA GONZALEZ, EDUARDO IGNACIO', 5),
(228154059, 'ZAMORANO BONOMO, TOMAS IGNACIO', 4),
(228157392, 'ESPINOZA FIGUEROA, MATEO IGNACIO', 5),
(228175242, 'AGUILERA ALVAREZ, JUAN JOSE DOMINGO', 5),
(228191868, 'CORTES MENDEZ, RICARDO ALEJANDRO', 5),
(228235520, 'RODRIGUEZ REYES, CRISTÓBAL ALONSO', 5),
(228255459, 'VARGAS OLIVARES, JOAQUIN IGNACIO', 4),
(228275530, 'AROCA TEJADA, EDGARDO AGUSTIN', 5),
(228286249, 'ARRIAGADA ZUÑIGA, DIEGO ALONSO', 4),
(228406147, 'FONTEALBA ROA, BENJAMIN FRANCISCO', 4),
(228415782, 'FERNANDEZ RUBINSTEIN, BENJAMIN FERNANDO', 4),
(228420379, 'ANABALON MELLA, IGNACIO ANDRES', 5),
(228431885, 'CANALES AVILA, AGUSTIN ENRIQUE', 4),
(228489280, 'BARDI SANDOVAL, LUCIANO ALBERTO', 5),
(228496960, 'SUAZO MORALES, ROBERTO ALONSO', 5),
(228519286, 'CAVALIERI ADDUDMECID, ALONSO LUCIANO', 4),
(228520853, 'PEÑAILILLO BRAVO, ALVARO RODRIGO', 4),
(228525820, 'VELIZCANTO TAMBORINO, RENATO IGNACIO', 5),
(228529907, 'FICA PEREZ, JAVIER IGNACIO', 5),
(228549347, 'GARCIA POZO, DIEGO SAMUEL', 4),
(228722570, 'INOSTROZA ALVEZ, NICOLAS IGNACIO', 4),
(228827916, 'AGUILAR CAVIERES, BENJAMIN ANDRES', 4),
(228905020, 'BARRUETO QUIROGA, FELIPE CRISTOBAL', 4),
(228956368, 'DAZA MUÑOZ, AGUSTIN ISAAC', 5),
(228978850, 'GOMEZ GONZALEZ, BENJAMIN', 5),
(229045644, 'JARA FERNANDEZ, FERNANDO ANDRES', 5),
(229049135, 'VILCHES MUÑOZ, PEDRO PABLO', 5),
(229054783, 'PINCHEIRA ZBINDEN, FERNANDO MÁXIMO', 5),
(229100980, 'TUBINO FERRADA, FRANCO LUCIANO', 5),
(229104055, 'NAVARRO GAJARDO, IAN JESÚS', 5),
(229133225, 'BUSTOS MADRIAZA, SEBASTIAN IGNACIO', 5),
(229141317, 'GESELL TOLOSA, CRISTOBAL GUILLERMO', 4),
(229152734, 'SILVA ORTIZ, JUAN JOSE RODRIGO', 5),
(229184385, 'MOYA CUADRA, VICENTE GABRIEL', 5),
(229245732, 'VALENZUELA PEÑA, JOAQUIN ALONSO', 4),
(229310666, 'NAHUELCOY MARTINEZ, JUAN RAFAEL', 4),
(229311506, 'ENCALADA SAINZ, RAFAEL FRANCISCO', 5),
(229354183, 'WEI CHEN, SUNNY JING LIANG', 4),
(229362500, 'ARANEDA LOYOLA, RODRIGO NICOLAS', 5),
(229381377, 'MOLINA PINO, GABRIEL MAXIMILIANO', 4),
(229387669, 'GALLEGOS HERRERA, FELIPE IGNACIO', 5),
(229462156, 'GIERKE ORELLANA, AGUSTIN FELIPE', 5),
(229475738, 'AGLONI SEPULVEDA, FACUNDO IGNACIO', 4),
(229540807, 'LUY BOERO, LIANG IAGO', 4),
(229593536, 'VARGAS MUÑOZ, BRUNO IGNACIO', 5),
(229638351, 'FLORES BUSTOS, SEBASTIAN DAVID', 4),
(229658522, 'RAMIREZ ALCHAO, FELIPE ALONSO', 4),
(229662538, 'GUTIERREZ LASTARRIA, TOMAS ALFONSO MIGUEL', 4),
(229671332, 'ARMIJO VERGARA, TOMAS IGNACIO', 4),
(229671804, 'IBAÑEZ CABRERA, GUSTAVO', 5),
(229689398, 'VEAS VEGA, DANTE EMANUEL', 5),
(229753100, 'PLAZA PAVEZ, FERNANDO', 5),
(229754386, 'LUENGO COLOMA, SALVADOR IGNACIO', 4),
(229825712, 'ALVIAL VILLEN, AMARU', 5),
(229845462, 'TRIVIÑO SOTO, BENJAMIN LORENZO', 2),
(229874853, 'ARAVENA CISTERNA, TOMÁS MARTÍN', 4),
(229875728, 'KIM , ISAAC ', 9),
(229916459, 'PALMA OGAZ, SEBASTIAN ', 5),
(229934260, 'ARDOAIZA INZULZA, SANTIAGO ALONSO', 4),
(230007306, 'LOPEZ SAAVEDRA, MATIAS IGNACIO', 4),
(230022640, 'SOLORZANO VALLADARES, MAXIMILIANO RUBEN', 3),
(230041369, 'TRIVIÑO ECHAVARRIA, RENATO ALFREDO', 4),
(230108463, 'MONTECINOS COLVIN, JOSE TOMAS', 2),
(230109311, 'CORTES ALISTER , NICOLAS IGNACIO ', 22),
(230139954, 'LEPE BARRIOS, PAOLO ANDREE', 3),
(230144044, 'RIVEROS MANDRIAZA, JOAQUIN IGNACIO', 3),
(230144850, 'LUQUE ROJAS, MARCO ANTONIO', 3),
(230150672, 'REYES ABARCA, CRISTOBAL FELIPE', 3),
(230195480, 'FONTAINE BARRERA, PABLO EMILIANO', 3),
(230218269, 'JORQUERA HERNANDEZ, CRISTOBAL MARTIN', 3),
(230332584, 'VITAR ZAPATA, JUAN PABLO', 3),
(230368147, 'ORELLANA BARRAU, DANTE IGNACIO', 3),
(230375429, 'SEGURA GARCES, JOAQUIN ANTONIO', 3),
(230489572, 'MORALES PIÑA, AMARO VALENTINO', 3),
(230512027, 'TORO CACERES, BENJAMIN ANDRES', 2),
(230525188, 'LETELIER CASTRO, AGUSTÍN ANDRÉS', 3),
(230581533, 'BUENO NAVARRO, BENJAMIN EDUARDO', 2),
(230592713, 'MENA BRAVO, CRISTOBAL JAVIER', 2),
(230604614, 'CORREA FIGUEROA, JOSE TOMAS LEONARDO', 3),
(230654050, 'BASUALTO CUEVAS, VICENTE', 2),
(230660387, 'TORO MEZA, LUCIANO FRANCISCO', 2),
(230717389, 'NUÑEZ MARABIL, JOAQUIN MAXIMILIANO', 3),
(230755361, 'ALVARADO ALVARADO, JORGE ELOY', 2),
(230797811, 'LOPEZ PEÑALOZA, MAXIMILIANO DIDIER', 2),
(230822816, 'LOZA TORRES, ALONSO NICOLAS', 2),
(230823065, 'LOZA TORRES, GASPAR ALFONSO', 3),
(230833460, 'RIVEROS ISLER, MAXIMILIANO ANDRES', 2),
(230834342, 'MONTENEGRO CORREA, TOMAS', 3),
(230859345, 'OSSANDÓN SAAVEDRA, PEDRO TOMAS', 3),
(230985340, 'CASTILLO DIAZ, MAXIMILIANO ANDRES', 2),
(230990271, 'MIRANDA FUAD, TOMAS AUGUSTO', 3),
(230999953, 'BAILEY GALLEGUILLOS, THOMAS ALONSO', 2),
(231093362, 'BASCUR SOLAR, ALONSO IGNACIO SEBASTIAN', 2),
(231144293, 'CAMPILLO JEREZ, EMILIO VICENTE', 3),
(231189343, 'OLIVOS PERALTA, AGUSTIN IGNACIO', 2),
(231197516, 'FLORES NAVARRO, CRISTOBAL', 3),
(231198555, 'MUJICA ASTUDILLO, CARLOS MARTIN', 3),
(231330402, 'DIAZ TORRES, GABRIEL MARTIN ALONSO', 2),
(231398651, 'PALMA LANDER, CRISTOBAL ALVARO', 2),
(231399038, 'CASTILLO GONZALEZ, LUCIANO EDUARDO', 2),
(231410228, 'REYES FERRADA, AUGUSTO MANUEL', 3),
(231417923, 'FRITZ GALAZ, GABRIEL HERNAN', 3),
(231442898, 'GARCIA CANDIA, TOMAS IGNACIO', 3),
(231454101, 'CAVIERES AGUILERA, MARTIN ALONSO', 2),
(231467815, 'BRICEÑO MELLA, MARTÍN ALEXANDER', 2),
(231529349, 'SANTIBAÑEZ VALENCIA, IGNACIO ALONSO', 2),
(231589295, 'CUERVO QUIROZ, JOSE MANUEL', 3),
(231679138, 'REYES CABELLO, FACUNDO', 3),
(231710086, 'PEÑAILILLO ROSAS, IGNACIO AGUSTIN', 3),
(231725580, 'PEREZ GONZALEZ, MAXIMILIANO ALONSO', 3),
(231894853, 'PAVEZ ZURITA, MARTIN ANDRES', 2),
(231907092, 'SILVA CID, ALONSO ENRIQUE', 3),
(231913394, 'MORALES NAVARRETE, SIMON PABLO', 2),
(232011041, 'HERNANDEZ MUÑOZ, JAVIER HUMBERTO', 2),
(232064277, 'AROCA TEJADA, ARTURO OSVALDO', 3),
(232120045, 'QUIVIRA MUÑOZ, TOMAS ANTONIO', 2),
(232143100, 'CARRASCO LOPEZ, JOAQUIN', 2),
(232143614, 'VALENZUELA RIQUELME, TOMAS ALBERTO', 2),
(232161230, 'SEPULVEDA MUÑOZ, MATIAS SEBASTIAN', 2),
(232177616, 'TORO VALLEJOS, TOMAS IGNACIO', 2),
(232191090, 'TAPIA DIAZ, CLEMENTE', 3),
(232195363, 'DARRIGRANDI JARA, DIEGO ANDRÉS', 3),
(232321288, 'OLIVARES ARANCIBIA, RENATO SEBASTIAN', 2),
(232335912, 'RÍOS SANTOS, VICENTE EMILIO', 2),
(232394137, 'CASTILLO OSORIO, BENJAMIN OCTAVIO', 2),
(232403420, 'ARANEDA BORQUEZ, IGNACIO ANDRES', 2),
(232423412, 'MONSALVE CISTERNA, NICOLAS ALONSO', 2),
(232435321, 'VALENZUELA BRACHITTA, ALONSO', 2),
(232458054, 'BELTRAN SOTO, SERGIO ALAMIRO', 2),
(232480726, 'LEAL ALFARO, VICENTE', 3),
(232502070, 'CACERES FUENTES, DAMIAN MARTIN', 2),
(232557184, 'BESSOLO RIVERA, NICOLAS BENJAMIN', 3),
(232599200, 'GOMEZ BASTIAS, JAVIER AGUSTIN', 3),
(232599804, 'ALEGRIA WERTH, NICOLAS ALONSO', 2),
(232606223, 'MEDINA LETELIER, ALVARO BENJAMIN', 3),
(232652543, 'TORRES JELDRES, STEFANO ALONSO', 3),
(232681306, 'ORELLANA IBACETA, JESUS RENATO', 3),
(232692952, 'GALVAN LAGOS, CRISTOBAL ANDRES', 3),
(232721391, 'VEGA GALLARDO, AGUSTIN ALBERTO', 2),
(232773197, 'LENER MOLINA, VALKEN LUDWING', 3),
(232780754, 'GARCES VILLAGRA, EMILIANO LEON', 3),
(232793147, 'CASTRO GOMEZ, VICENTE MANUEL', 3),
(232854863, 'POHL ARAVENA, ANDREAS WERNER', 2),
(235927730, 'GENERAL AGUILAR, PHILIPE ORLANDO', 20),
(235927748, 'GENERAL AGUILAR, ANDRES ALFONSO', 18),
(235927861, 'SOLANO GUERRA , EDUARDO GEROMY ', 17),
(235927870, 'SOLANO GUERRA , FAVIO GABRIEL', 7),
(236943240, 'BENEL ASCENCIOS, SEBASTIÁN', 25),
(238647134, 'MONDACA JARA, SEBASTIAN IGNACIO', 2),
(244437206, 'PISANO CANTUARIAS, FRANCO MASSIMO', 18),
(245908776, 'ANIA MARIN, MIKEL', 17),
(991149058, 'GONZALEZ RINCON, ALEJANDRO RAFAEL', 2),
(1002818228, 'MARTIN , GRADY ROSS', 24);

-- --------------------------------------------------------

--
-- Estructura de tabla para la tabla `t002_curso`
--

CREATE TABLE IF NOT EXISTS `t002_curso` (
  `ID` int(11) NOT NULL,
  `NOMBRE` varchar(250) NOT NULL,
  `ACTIVO` int(11) NOT NULL
) ENGINE=InnoDB AUTO_INCREMENT=26 DEFAULT CHARSET=latin1;

--
-- Volcado de datos para la tabla `t002_curso`
--

INSERT INTO `t002_curso` (`ID`, `NOMBRE`, `ACTIVO`) VALUES
(1, 'Administrador', 1),
(2, 'Primero Básico A', 1),
(3, 'Primero Básico B', 1),
(4, 'Segundo Básico A', 1),
(5, 'Segundo Básico B', 1),
(6, 'Tercero Básico A', 1),
(7, 'Tercero Básico B', 1),
(8, 'Cuarto Básico A', 1),
(9, 'Cuarto Básico B', 1),
(10, 'Quinto Básico A', 1),
(11, 'Quinto Básico B', 1),
(12, 'Sexto Básico A', 1),
(13, 'Sexto Básico B', 1),
(14, 'Séptimo Básico A', 1),
(15, 'Séptimo Básico B', 1),
(16, 'Octavo Básico A', 1),
(17, 'Octavo Básico B', 1),
(18, 'Primero Medio A', 1),
(19, 'Primero Medio B', 1),
(20, 'Segundo Medio A', 1),
(21, 'Segundo Medio B', 1),
(22, 'Tercero Medio A', 1),
(23, 'Tercero Medio B', 1),
(24, 'Cuarto Medio A', 1),
(25, 'Cuarto Medio B', 1);

-- --------------------------------------------------------

--
-- Estructura de tabla para la tabla `t003_talleres`
--

CREATE TABLE IF NOT EXISTS `t003_talleres` (
  `ID` int(11) NOT NULL,
  `NOMBRE` varchar(250) NOT NULL,
  `HORARIO` varchar(500) NOT NULL,
  `PROFESOR` varchar(250) NOT NULL,
  `UBICACION` varchar(250) NOT NULL,
  `CUPOS` int(11) NOT NULL,
  `INSCRITOS` int(11) NOT NULL,
  `LISTAESPERA` int(11) NOT NULL
) ENGINE=InnoDB AUTO_INCREMENT=20 DEFAULT CHARSET=latin1;

--
-- Volcado de datos para la tabla `t003_talleres`
--

INSERT INTO `t003_talleres` (`ID`, `NOMBRE`, `HORARIO`, `PROFESOR`, `UBICACION`, `CUPOS`, `INSCRITOS`, `LISTAESPERA`) VALUES
(1, 'Básquetball Formativo Primer Ciclo', 'Viernes 15:45-17:15', 'Ana María Caneo', 'Gimnasio', 30, 0, 0),
(2, 'Taller de Atletismo', 'Viernes 14:30-16:00', 'Luis Burgos', 'Campo Deportivo', 25, 0, 0),
(3, 'Taller de Atletismo', 'Martes 16:15-17:45', 'Luis Burgos', 'Campo Deportivo', 25, 0, 0),
(4, 'Fútbol Formativo', 'Jueves 15:45-17-15', 'Ismael Carreño', 'Cancha C. Deportivo', 30, 0, 0),
(5, 'Fútbol Formativo', 'Martes 15:45-17:15', 'Ismael Carreño', 'Cancha C. Deportivo', 35, 0, 0),
(6, 'Fútbol Formativo', 'Miercoles 13:30-15:00', 'Ismael Carreño', 'Cancha C. Deportivo', 35, 0, 0),
(7, 'Polideportivo', 'Lunes 15:45-17:15', 'Jorge Revecco', 'Gimnasio', 30, 0, 0),
(8, 'Polideportivo', 'Viernes 15:45-17:15', 'Jorge Revecco', 'Gimnasio', 30, 0, 0),
(9, 'Taekwondo', 'Jueves 15:45-17:15', 'J.P.Sepulveda', 'Gimnasio', 25, 0, 0),
(10, 'Taekwondo', 'Martes 15:45-17:15', 'J.P.Sepulveda', 'Gimnasio', 25, 0, 0),
(11, 'Taekwondo', 'Viernes 14:30-16:00', 'J.P.Sepulveda', 'Gimnasio', 25, 0, 0),
(12, 'Arte Digital', 'Martes 15:45-17:15', 'Andrea Astorga', 'Gimnasio', 20, 0, 0),
(13, 'Arte Digital', 'Jueves 15:45-17:15', 'Andrea Astorga', 'Gimnasio', 20, 0, 0),
(14, 'Tenis De Mesa', 'Miercoles 13:30-14:30', 'Juan Francisco Gonzalez', 'Gimnasio', 20, 0, 0),
(15, 'Tenis De Mesa', 'Miercoles 16:00-17:30', 'Juan Francisco Gonzalez', 'Gimnasio', 20, 0, 0);

-- --------------------------------------------------------

--
-- Estructura de tabla para la tabla `t004_inscrito`
--

CREATE TABLE IF NOT EXISTS `t004_inscrito` (
  `ID` int(11) NOT NULL,
  `RUT` int(11) NOT NULL,
  `TALLER` int(11) NOT NULL,
  `FECHA_INSC` datetime NOT NULL,
  `ESTADO` int(11) NOT NULL
) ENGINE=InnoDB AUTO_INCREMENT=4 DEFAULT CHARSET=latin1;

-- --------------------------------------------------------

--
-- Estructura de tabla para la tabla `t005_talleres_cursos`
--

CREATE TABLE IF NOT EXISTS `t005_talleres_cursos` (
  `ID` int(11) NOT NULL,
  `CURSO` int(11) DEFAULT NULL,
  `TALLER` int(11) DEFAULT NULL
) ENGINE=InnoDB AUTO_INCREMENT=130 DEFAULT CHARSET=latin1;

--
-- Volcado de datos para la tabla `t005_talleres_cursos`
--

INSERT INTO `t005_talleres_cursos` (`ID`, `CURSO`, `TALLER`) VALUES
(1, 4, 1),
(2, 5, 1),
(3, 6, 1),
(4, 7, 1),
(5, 8, 1),
(6, 10, 2),
(7, 11, 2),
(8, 12, 2),
(9, 13, 2),
(10, 14, 2),
(11, 15, 2),
(12, 16, 2),
(13, 17, 2),
(14, 18, 3),
(15, 19, 3),
(16, 20, 3),
(17, 21, 3),
(18, 22, 3),
(19, 23, 3),
(20, 24, 3),
(21, 25, 3),
(22, 10, 4),
(23, 11, 5),
(24, 12, 5),
(25, 13, 4),
(26, 14, 4),
(27, 15, 4),
(28, 16, 4),
(29, 17, 4),
(30, 2, 5),
(31, 3, 5),
(32, 4, 5),
(33, 5, 5),
(34, 6, 6),
(35, 7, 6),
(36, 8, 6),
(37, 9, 6),
(38, 2, 7),
(39, 3, 7),
(40, 4, 7),
(41, 5, 7),
(42, 6, 8),
(43, 7, 8),
(44, 8, 8),
(45, 9, 8),
(46, 2, 9),
(47, 3, 9),
(48, 4, 9),
(49, 5, 9),
(50, 6, 10),
(51, 7, 10),
(52, 8, 10),
(53, 9, 10),
(54, 10, 11),
(55, 11, 11),
(56, 12, 11),
(57, 13, 11),
(58, 14, 11),
(59, 15, 11),
(60, 16, 11),
(61, 17, 11),
(62, 8, 12),
(63, 9, 12),
(64, 10, 12),
(81, 11, 12),
(82, 12, 12),
(83, 13, 12),
(84, 14, 12),
(85, 15, 12),
(86, 16, 12),
(87, 17, 12),
(88, 18, 12),
(89, 19, 12),
(90, 20, 12),
(91, 21, 12),
(92, 22, 12),
(93, 23, 12),
(94, 10, 13),
(95, 11, 13),
(96, 12, 13),
(97, 13, 13),
(98, 14, 13),
(99, 15, 13),
(100, 16, 13),
(101, 17, 13),
(102, 18, 13),
(103, 19, 13),
(104, 20, 13),
(105, 21, 13),
(106, 22, 13),
(107, 23, 13),
(108, 24, 13),
(109, 25, 13),
(110, 6, 14),
(111, 7, 14),
(112, 8, 14),
(113, 9, 14),
(114, 10, 15),
(115, 11, 15),
(116, 12, 15),
(117, 13, 15),
(118, 14, 15),
(119, 15, 15),
(120, 16, 15),
(121, 17, 15),
(122, 18, 15),
(123, 19, 15),
(124, 20, 15),
(125, 21, 15),
(126, 22, 15),
(127, 23, 15),
(128, 24, 15),
(129, 25, 15);

-- --------------------------------------------------------

--
-- Estructura de tabla para la tabla `t006_estado_inscripcion`
--

CREATE TABLE IF NOT EXISTS `t006_estado_inscripcion` (
  `ID` int(11) NOT NULL,
  `NOMBRE` varchar(250) NOT NULL,
  `ESTADO` int(11) NOT NULL
) ENGINE=InnoDB AUTO_INCREMENT=3 DEFAULT CHARSET=latin1;

--
-- Volcado de datos para la tabla `t006_estado_inscripcion`
--

INSERT INTO `t006_estado_inscripcion` (`ID`, `NOMBRE`, `ESTADO`) VALUES
(1, 'Inscrito', 1),
(2, 'Lista espera', 1);

--
-- Índices para tablas volcadas
--

--
-- Indices de la tabla `t001_alumno`
--
ALTER TABLE `t001_alumno`
  ADD PRIMARY KEY (`RUT`),
  ADD KEY `FK_REFERENCE_4` (`CURSO`);

--
-- Indices de la tabla `t002_curso`
--
ALTER TABLE `t002_curso`
  ADD PRIMARY KEY (`ID`);

--
-- Indices de la tabla `t003_talleres`
--
ALTER TABLE `t003_talleres`
  ADD PRIMARY KEY (`ID`);

--
-- Indices de la tabla `t004_inscrito`
--
ALTER TABLE `t004_inscrito`
  ADD PRIMARY KEY (`ID`),
  ADD KEY `FK_REFERENCE_1` (`RUT`),
  ADD KEY `FK_REFERENCE_2` (`TALLER`),
  ADD KEY `FK_REFERENCE_3` (`ESTADO`);

--
-- Indices de la tabla `t005_talleres_cursos`
--
ALTER TABLE `t005_talleres_cursos`
  ADD PRIMARY KEY (`ID`),
  ADD KEY `FK_REFERENCE_5` (`CURSO`),
  ADD KEY `FK_REFERENCE_6` (`TALLER`);

--
-- Indices de la tabla `t006_estado_inscripcion`
--
ALTER TABLE `t006_estado_inscripcion`
  ADD PRIMARY KEY (`ID`);

--
-- AUTO_INCREMENT de las tablas volcadas
--

--
-- AUTO_INCREMENT de la tabla `t002_curso`
--
ALTER TABLE `t002_curso`
  MODIFY `ID` int(11) NOT NULL AUTO_INCREMENT,AUTO_INCREMENT=26;
--
-- AUTO_INCREMENT de la tabla `t003_talleres`
--
ALTER TABLE `t003_talleres`
  MODIFY `ID` int(11) NOT NULL AUTO_INCREMENT,AUTO_INCREMENT=20;
--
-- AUTO_INCREMENT de la tabla `t004_inscrito`
--
ALTER TABLE `t004_inscrito`
  MODIFY `ID` int(11) NOT NULL AUTO_INCREMENT,AUTO_INCREMENT=4;
--
-- AUTO_INCREMENT de la tabla `t005_talleres_cursos`
--
ALTER TABLE `t005_talleres_cursos`
  MODIFY `ID` int(11) NOT NULL AUTO_INCREMENT,AUTO_INCREMENT=130;
--
-- AUTO_INCREMENT de la tabla `t006_estado_inscripcion`
--
ALTER TABLE `t006_estado_inscripcion`
  MODIFY `ID` int(11) NOT NULL AUTO_INCREMENT,AUTO_INCREMENT=3;
--
-- Restricciones para tablas volcadas
--

--
-- Filtros para la tabla `t001_alumno`
--
ALTER TABLE `t001_alumno`
  ADD CONSTRAINT `FK_REFERENCE_4` FOREIGN KEY (`CURSO`) REFERENCES `t002_curso` (`ID`);

--
-- Filtros para la tabla `t004_inscrito`
--
ALTER TABLE `t004_inscrito`
  ADD CONSTRAINT `FK_REFERENCE_1` FOREIGN KEY (`RUT`) REFERENCES `t001_alumno` (`RUT`),
  ADD CONSTRAINT `FK_REFERENCE_2` FOREIGN KEY (`TALLER`) REFERENCES `t003_talleres` (`ID`),
  ADD CONSTRAINT `FK_REFERENCE_3` FOREIGN KEY (`ESTADO`) REFERENCES `t006_estado_inscripcion` (`ID`);

--
-- Filtros para la tabla `t005_talleres_cursos`
--
ALTER TABLE `t005_talleres_cursos`
  ADD CONSTRAINT `FK_REFERENCE_5` FOREIGN KEY (`CURSO`) REFERENCES `t002_curso` (`ID`),
  ADD CONSTRAINT `FK_REFERENCE_6` FOREIGN KEY (`TALLER`) REFERENCES `t003_talleres` (`ID`);

/*!40101 SET CHARACTER_SET_CLIENT=@OLD_CHARACTER_SET_CLIENT */;
/*!40101 SET CHARACTER_SET_RESULTS=@OLD_CHARACTER_SET_RESULTS */;
/*!40101 SET COLLATION_CONNECTION=@OLD_COLLATION_CONNECTION */;
